"keys","en","zh_CN","zh_TW","ja","es_ES","es_419","pt_BR","pt_PT","fr","de","da","id","nb","sv","nl","vi","ms","ko","ru","uk","_id","_group","_note"
"Common_Quit","Quit","退出","離開","終了","Salir","Salir","Sair","Sair","Quitter","Beenden","Afslut","Keluar","Avslutt","Avsluta","Afsluiten","Thoát","Keluar","종료","Выйти","Вийти","100001","Common","顶部操作按钮"
"Common_Play","Play","游玩","遊玩","プレイ","Jugar","Jugar","Jogar","Jogar","Jouer","Spielen","Spil","Main","Begynn","Spela","Spelen","Chơi","Main","플레이","Играть","Грати","100003","Common","切换到扑克模式按钮"
"Common_Desktop","Desktop","桌宠","桌寵","ぎたい","Mascota de escritorio","Mascota de escritorio","Mascote de área de trabalho","Mascote de ambiente de trabalho","Compagnon de bureau","Desktop-Begleiter","Skrivebordskæledyr","Peliharaan Desktop","Skrivebordskjæledyr","Skrivbordskompis","Bureaubladmaatje","Thú cưng màn hình nền","Haiwan Peliharaan Desktop","데스크톱 펫","Рабочий стол","Робочий стіл","100004","Common","切换到桌宠模式按钮"
"Common_Cancel","Cancel","取消","取消","キャンセル","Cancelar","Cancelar","Cancelar","Cancelar","Annuler","Abbrechen","Annuller","Batal","Avbryt","Avbryt","Annuleren","Hủy","Batal","취소","Отмена","Скасувати","100005","Common","通用取消按钮"
"Common_Confirm","Confirm","确认","確認","確認","Confirmar","Confirmar","Confirmar","Confirmar","Confirmer","Bestätigen","Bekræft","Konfirmasi","Bekreft","Bekräfta","Bevestigen","Xác nhận","Sahkan","확인","Подтвердить","Підтвердити","100006","Common","通用确认按钮"
"Settings_Tab_Wardrobe","Wardrobe","装扮","裝扮","着せ替え","Personalización","Personalización","Personalização","Personalização","Garde-robe","Garderobe","Garderobe","Lemari pakaian","Garderobe","Garderob","Garderobe","Tủ đồ","Almari pakaian","꾸미기","Гардероб","Гардероб","200001","Settings","系统面板顶部页签提示"
"Settings_Tab_LinkTree","Links","友情链接","友情連結","リンク","Enlaces","Enlaces","Links","Links","Liens","Links","Links","Tautan","Lenker","Länkar","Links","Liên kết","Pautan","링크","Ссылки","Посилання","200002","Settings","系统面板顶部页签提示"
"Settings_Tab_OutfitPresets","Presets","装扮预设","裝扮預設","プリセット","Preajustes","Preajustes","Predefinições","Predefinições","Préréglages","Vorlagen","Forudindstillinger","Preset","Forhåndsinnstillinger","Förinställningar","Voorinstellingen","Cài đặt sẵn","Pratetap","프리셋","Предустановки","Пресети","200005","Settings","装扮预设页签提示"
"Settings_Tab_Settings","Settings","设置","設定","設定","Ajustes","Ajustes","Configurações","Definições","Paramètres","Einstellungen","Indstillinger","Pengaturan","Innstillinger","Inställningar","Instellingen","Cài đặt","Tetapan","설정","Настройки","Налаштування","200003","Settings","系统面板顶部页签提示"
"Settings_Tab_Debug","Debug","调试","偵錯","デバッグ","Depuración","Depuración","Depuração","Depuração","Débogage","Debug","Fejlfinding","Debugging","Feilsøking","Felsökning","Foutopsporing","Gỡ lỗi","Penyahpepijatan","디버그","Отладка","Налагодження","200004","Settings","系统面板顶部页签提示"
"Settings_General","General","通用","一般","一般","General","General","Geral","Geral","Général","Allgemein","Generelt","Umum","Generelt","Allmänt","Algemeen","Chung","Umum","일반","Общие","Загальні","200101","Settings","设置页分组标题"
"Settings_SoundEffects","SE","音效","音效","SE","Efectos de sonido","Efectos de sonido","Efeitos sonoros","Efeitos sonoros","Effets sonores","Soundeffekte","Lydeffekter","Efek suara","Lydeffekter","Ljudeffekter","Geluidseffecten","Hiệu ứng âm thanh","Kesan bunyi","효과음","Звуки","Звуки","200102","Settings","音效音量设置"
"Settings_Music","BGM","音乐","音樂","BGM","Música","Música","Música","Música","Musique","Musik","Musik","Musik","Musikk","Musik","Muziek","Nhạc","Muzik","음악","Музыка","Музика","200112","Settings","BGM 音量设置"
"Settings_PlayBgmInDesktop","Play BGM in Desktop Mode","桌宠模式播放 BGM","桌寵模式播放 BGM","デスクトップモードでBGMを再生","Reproducir BGM en modo mascota de escritorio","Reproducir BGM en modo mascota de escritorio","Tocar BGM no modo mascote de área de trabalho","Tocar BGM no modo mascote de ambiente de trabalho","Jouer la musique en mode compagnon de bureau","BGM im Desktop-Modus abspielen","Afspil BGM i skrivebordstilstand","Putar BGM dalam Mode Desktop","Spill BGM i skrivebordsmodus","Spela BGM i skrivbordsläge","BGM afspelen in bureaubladmodus","Phát BGM ở chế độ thú cưng màn hình nền","Mainkan BGM dalam Mod Desktop","BGM 재생","Воспроизводить музыку в режиме питомца","Відтворювати музику в режимі улюбленця","200113","Settings","桌宠模式音乐开关"
"Settings_Language","Language","语言","語言","言語","Idioma","Idioma","Idioma","Idioma","Langue","Sprache","Sprog","Bahasa","Språk","Språk","Taal","Ngôn ngữ","Bahasa","언어","Язык","Мова","200103","Settings","语言设置项"
"Settings_Language_System","System","跟随系统","跟隨系統","システムに合わせる","Sistema","Sistema","Sistema","Sistema","Système","System","System","Sistem","System","System","Systeem","Hệ thống","Sistem","시스템","Системный","Системна","200104","Settings","语言选项"
"Settings_Language_English","English","English","English","English","English","English","English","English","Anglais","Englisch","Engelsk","Inggris","Engelsk","Engelska","Engels","Tiếng Anh","Bahasa Inggeris","영어","Английский","Англійська","200105","Settings","语言选项"
"Settings_Language_SimplifiedChinese","简体中文","简体中文","简体中文","简体中文","Chino simplificado","Chino simplificado","Chinês simplificado","Chinês simplificado","Chinois simplifié","Vereinfachtes Chinesisch","Forenklet kinesisk","China Sederhana","Forenklet kinesisk","Förenklad kinesiska","Vereenvoudigd Chinees","Tiếng Trung giản thể","Bahasa Cina Ringkas","중국어 간체","Упрощённый китайский","Спрощена китайська","200106","Settings","语言选项"
"Settings_Language_TraditionalChinese","繁體中文","繁體中文","繁體中文","繁體中文","Chino tradicional","Chino tradicional","Chinês tradicional","Chinês tradicional","Chinois traditionnel","Traditionelles Chinesisch","Traditionelt kinesisk","China Tradisional","Tradisjonell kinesisk","Traditionell kinesiska","Traditioneel Chinees","Tiếng Trung phồn thể","Bahasa Cina Tradisional","중국어 번체","Традиционный китайский","Традиційна китайська","200107","Settings","语言选项"
"Settings_Language_Japanese","日本語","日本語","日本語","日本語","Japonés","Japonés","Japonês","Japonês","Japonais","Japanisch","Japanisch","Jepang","Japansk","Japanska","Japans","Tiếng Nhật","Bahasa Jepun","일본어","Японский","Японська","200108","Settings","语言选项"
"Settings_Language_SpanishSpain","Spanish (Spain)","西班牙语（西班牙）","西班牙語（西班牙）","スペイン語（スペイン）","Español (España)","Español (España)","Espanhol (Espanha)","Espanhol (Espanha)","Espagnol (Espagne)","Spanisch (Spanien)","Spansk (Spanien)","Spanyol (Spanyol)","Spansk (Spania)","Spanska (Spanien)","Spaans (Spanje)","Tiếng Tây Ban Nha (Tây Ban Nha)","Sepanyol (Sepanyol)","스페인어 (스페인)","Испанский (Испания)","Іспанська (Іспанія)","200118","Settings","语言选项"
"Settings_Language_SpanishLatinAmerica","Spanish (Latin America)","西班牙语（拉丁美洲）","西班牙語（拉丁美洲）","スペイン語（ラテンアメリカ）","Español (Latinoamérica)","Español (Latinoamérica)","Espanhol (América Latina)","Espanhol (América Latina)","Espagnol (Amérique latine)","Spanisch (Lateinamerika)","Spansk (Latinamerika)","Spanyol (Amerika Latin)","Spansk (Latin-Amerika)","Spanska (Latinamerika)","Spaans (Latijns-Amerika)","Tiếng Tây Ban Nha (Mỹ Latinh)","Sepanyol (Amerika Latin)","스페인어 (라틴아메리카)","Испанский (Латинская Америка)","Іспанська (Латинська Америка)","200119","Settings","语言选项"
"Settings_Language_PortugueseBrazil","Portuguese (Brazil)","葡萄牙语（巴西）","葡萄牙語（巴西）","ポルトガル語（ブラジル）","Portugués (Brasil)","Portugués (Brasil)","Português (Brasil)","Português (Brasil)","Portugais (Brésil)","Portugiesisch (Brasilien)","Portugisisk (Brasilien)","Portugis (Brasil)","Portugisisk (Brasil)","Portugisiska (Brasilien)","Portugees (Brazilië)","Tiếng Bồ Đào Nha (Brasil)","Portugis (Brazil)","포르투갈어 (브라질)","Португальский (Бразилия)","Португальська (Бразилія)","200120","Settings","语言选项"
"Settings_Language_PortuguesePortugal","Portuguese (Portugal)","葡萄牙语（葡萄牙）","葡萄牙語（葡萄牙）","ポルトガル語（ポルトガル）","Portugués (Portugal)","Portugués (Portugal)","Português (Portugal)","Português (Portugal)","Portugais (Portugal)","Portugiesisch (Portugal)","Portugisisk (Portugal)","Portugis (Portugal)","Portugisisk (Portugal)","Portugisiska (Portugal)","Portugees (Portugal)","Tiếng Bồ Đào Nha (Bồ Đào Nha)","Portugis (Portugal)","포르투갈어 (포르투갈)","Португальский (Португалия)","Португальська (Португалія)","200121","Settings","语言选项"
"Settings_ArmAppearance","Arm Appearance","手臂外观","手臂外觀","腕の外観","Apariencia del brazo","Apariencia del brazo","Aparência do braço","Aspeto do braço","Apparence du bras","Armaussehen","Armudseende","Tampilan Lengan","Armutseende","Armutseende","Armuiterlijk","Ngoại hình cánh tay","Paparan Lengan","팔 외형","Внешний вид руки","Вигляд руки","200116","Settings","玩家手臂外观设置"
"Settings_ArmAppearance_Tone","Arm {0}","手臂{0}","手臂{0}","腕{0}","Brazo {0}","Brazo {0}","Braço {0}","Braço {0}","Bras {0}","Arm {0}","Arm {0}","Lengan {0}","Arm {0}","Arm {0}","Arm {0}","Cánh tay {0}","Lengan {0}","팔 {0}","Рука {0}","Рука {0}","200117","Settings","手臂外观下拉菜单选项"
"Settings_ShowOverFullscreenApps","Show Over Fullscreen Apps","在全屏应用上方显示","顯示於全螢幕應用程式上方","全画面アプリの上に表示","Mostrar sobre aplicaciones a pantalla completa","Mostrar sobre aplicaciones a pantalla completa","Mostrar sobre aplicativos em tela cheia","Mostrar sobre aplicações em ecrã inteiro","Afficher par-dessus les applications en plein écran","Über Vollbild-Apps anzeigen","Vis over fuldskærmsapps","Tampilkan di atas aplikasi layar penuh","Vis over fullskjermsapper","Visa över helskärmsappar","Weergeven boven apps op volledig scherm","Hiển thị trên ứng dụng toàn màn hình","Papar di atas aplikasi skrin penuh","전체 화면 앱 위에 표시","Показывать поверх полноэкранных приложений","Показувати поверх повноекранних програм","200109","Settings","全屏应用显示设置"
"Settings_EnhancedAlwaysOnTop","Enhanced Always On Top","增强置顶","增強置頂","強化最前面表示","Mantener siempre al frente mejorado","Mantener siempre al frente mejorado","Sempre no topo aprimorado","Sempre no topo melhorado","Toujours au premier plan amélioré","Erweitertes Immer im Vordergrund","Forbedret altid øverst","Selalu di Atas yang Ditingkatkan","Forbedret alltid øverst","Förbättrat alltid överst","Verbeterd altijd bovenaan","Tăng cường luôn ở trên","Dipertingkatkan Sentiasa Di Atas","강화된 항상 위","Расширенный режим поверх всех окон","Розширений режим поверх усіх вікон","200110","Settings","窗口置顶增强设置"
"Settings_ProactiveInteractionHints","Proactive Interaction Hints","主动操作提示","主動操作提示","操作ヒントを自動表示","Sugerencias de interacción proactivas","Sugerencias de interacción proactivas","Dicas proativas de interação","Sugestões proativas de interação","Conseils d'interaction proactifs","Proaktive Interaktionshinweise","Proaktive interaktionstip","Petunjuk Interaksi Proaktif","Proaktive interaksjonstips","Proaktiva interaktionstips","Proactieve interactietips","Gợi ý tương tác chủ động","Petua Interaksi Proaktif","능동적 상호작용 힌트","Подсказки для активного взаимодействия","Підказки для активної взаємодії","200111","Settings","扑克模式无操作五秒后的主动提示"
"Settings_PokerGuideOverlay","Poker Beginner Tutorial","显示扑克新手教程","顯示撲克新手教學","ポーカー初心者ガイド","Tutorial de póquer para principiantes","Tutorial de póquer para principiantes","Tutorial de pôquer para iniciantes","Tutorial de pôquer para iniciantes","Tutoriel de poker pour débutants","Poker-Tutorial für Einsteiger","Poker-tutorial for begyndere","Tutorial Poker untuk Pemula","Pokeropplæring for nybegynnere","Pokerhandledning för nybörjare","Pokertutorial voor beginners","Hướng dẫn poker cho người mới","Tutorial Poker untuk Pemula","포커 초보자 튜토리얼","Обучение покеру для новичков","Навчання покеру для початківців","200206","Settings","扑克新手教程显示开关"
"Settings_RightClickQuickModeSwitch","Enable Right-click Quick Mode Switch","启用右键快速切换模式","啟用右鍵快速切換模式","右クリックでクイックモード切替を有効化","Activar cambio rápido de modo con clic derecho","Activar cambio rápido de modo con clic derecho","Ativar troca rápida de modo com botão direito","Ativar mudança rápida de modo com botão direito","Activer le changement rapide de mode par clic droit","Schnellen Moduswechsel per Rechtsklick aktivieren","Aktivér hurtigt tilstandsskift med højreklik","Aktifkan Pergantian Mode Cepat Klik Kanan","Aktiver rask modusbytte med høyreklikk","Aktivera snabbt lägesbyte med högerklick","Snelle moduswissel met rechtermuisklik inschakelen","Bật chuyển đổi chế độ nhanh bằng chuột phải","Dayakan Pertukaran Mod Pantas Klik Kanan","오른쪽 클릭 빠른 모드 전환 활성화","Включить быстрое переключение режима правой кнопкой","Увімкнути швидке перемикання режиму правою кнопкою","200114","Settings","扑克主场景右键切换桌宠模式"
"Settings_PreventAccidentalDrag","Prevent Accidental Drag","防止误拖拽","防止誤拖拽","誤操作ドラッグを防止","Evitar arrastres accidentales","Evitar arrastres accidentales","Evitar arrastos acidentais","Evitar arrastamentos acidentais","Empêcher les glissements accidentels","Versehentliches Ziehen verhindern","Undgå utilsigtet træk","Cegah Seret Tidak Sengaja","Forhindre utilsiktet draing","Förhindra oavsiktlig dragning","Onbedoeld slepen voorkomen","Ngăn kéo nhầm","Cegah Seret Tidak Sengaja","실수로 끌기 방지","Защита от случайного перетаскивания","Захист від випадкового перетягування","200115","Settings","仅扑克模式的拖拽保护开关"
"Settings_DesktopPet","Desktop Pet","桌宠","桌面寵物","デスクトップコンパニオン","Mascota de escritorio","Mascota de escritorio","Mascote de área de trabalho","Mascote de ambiente de trabalho","Compagnon de bureau","Desktop-Begleiter","Skrivebordskæledyr","Peliharaan Desktop","Skrivebordskjæledyr","Skrivbordskompis","Bureaubladmaatje","Thú cưng màn hình nền","Haiwan Peliharaan Desktop","데스크톱 펫","Питомец на рабочем столе","Улюбленець на робочому столі","200201","Settings","设置页分组标题"
"Settings_DesktopPetScale","Desktop Pet Size","桌宠大小","桌寵大小","デスクトップペットのサイズ","Tamaño de la mascota","Tamaño de la mascota","Tamanho do mascote","Tamanho do mascote","Taille du compagnon","Größe des Desktop-Begleiters","Størrelse på skrivebordskæledyr","Ukuran Peliharaan Desktop","Størrelse på skrivebordskjæledyr","Storlek på skrivbordskompis","Grootte bureaubladmaatje","Kích thước thú cưng","Saiz Haiwan Desktop","데스크톱 펫 크기","Размер питомца","Розмір улюбленця","200207","Settings","桌宠六档倍率设置"
"Settings_DesktopPetScaleApply","Apply","应用","套用","適用","Aplicar","Aplicar","Aplicar","Aplicar","Appliquer","Anwenden","Anvend","Terapkan","Bruk","Använd","Toepassen","Áp dụng","Guna","적용","Применить","Застосувати","200208","Settings","桌宠倍率应用按钮"
"Settings_DesktopPetScaleConfirmTitle","Keep this size?","保留这个大小？","保留這個大小？","このサイズを維持しますか？","¿Mantener este tamaño?","¿Mantener este tamaño?","Manter este tamanho?","Manter este tamanho?","Conserver cette taille ?","Diese Größe beibehalten?","Behold denne størrelse?","Pertahankan ukuran ini?","Beholde denne størrelsen?","Behålla den här storleken?","Deze grootte behouden?","Giữ kích thước này?","Kekalkan saiz ini?","이 크기를 유지할까요?","Оставить этот размер?","Залишити цей розмір?","200209","Settings","桌宠倍率确认标题"
"Settings_DesktopPetScaleConfirmMessage","Keep the current desktop pet size? It will be restored in {0} seconds.","是否保留当前桌宠大小？将在 {0} 秒后恢复。","是否保留目前桌寵大小？將在 {0} 秒後恢復。","現在のデスクトップペットのサイズを維持しますか？{0}秒後に元に戻ります。","¿Mantener el tamaño actual de la mascota? Se restaurará en {0} segundos.","¿Mantener el tamaño actual de la mascota? Se restaurará en {0} segundos.","Manter o tamanho atual do mascote? Ele será restaurado em {0} segundos.","Manter o tamanho atual do mascote? Será restaurado dentro de {0} segundos.","Conserver la taille actuelle du compagnon ? Elle sera rétablie dans {0} secondes.","Aktuelle Größe des Desktop-Begleiters beibehalten? Sie wird in {0} Sekunden zurückgesetzt.","Behold den aktuelle størrelse? Den gendannes om {0} sekunder.","Pertahankan ukuran peliharaan saat ini? Ukuran akan dipulihkan dalam {0} detik.","Beholde gjeldende størrelse? Den gjenopprettes om {0} sekunder.","Behålla den aktuella storleken? Den återställs om {0} sekunder.","Huidige grootte behouden? Deze wordt over {0} seconden hersteld.","Giữ kích thước thú cưng hiện tại? Kích thước sẽ được khôi phục sau {0} giây.","Kekalkan saiz semasa? Saiz akan dipulihkan dalam {0} saat.","현재 데스크톱 펫 크기를 유지할까요? {0}초 후 복원됩니다.","Оставить текущий размер питомца? Через {0} сек. он будет восстановлен.","Залишити поточний розмір улюбленця? Через {0} с його буде відновлено.","200210","Settings","桌宠倍率十秒确认说明"
"Settings_DesktopPetScaleKeep","Keep","保留","保留","維持","Mantener","Mantener","Manter","Manter","Conserver","Beibehalten","Behold","Pertahankan","Behold","Behåll","Behouden","Giữ","Kekalkan","유지","Оставить","Залишити","200211","Settings","桌宠倍率确认保留按钮"
"Settings_DesktopPetScaleRestore","Restore","恢复","恢復","元に戻す","Restaurar","Restaurar","Restaurar","Restaurar","Rétablir","Zurücksetzen","Gendan","Pulihkan","Gjenopprett","Återställ","Herstellen","Khôi phục","Pulihkan","복원","Восстановить","Відновити","200212","Settings","桌宠倍率确认恢复按钮"
"Settings_OtherUiScale","Other Interface Scale","其他界面缩放","其他介面縮放","その他のUIサイズ","Escala de otras interfaces","Escala de otras interfaces","Escala de outras interfaces","Escala de outras interfaces","Échelle des autres interfaces","Skalierung anderer Oberflächen","Skalering af andre brugerflader","Skala Antarmuka Lain","Skalering av andre grensesnitt","Skalning av andra gränssnitt","Schaal van andere interfaces","Tỷ lệ giao diện khác","Skala Antara Muka Lain","기타 인터페이스 크기","Масштаб других интерфейсов","Масштаб інших інтерфейсів","200213","Settings","系统面板、扑克面板和信息面板统一倍率"
"Settings_OtherUiScaleConfirmTitle","Keep this interface size?","保留这个界面大小？","保留這個介面大小？","このUIサイズを維持しますか？","¿Mantener este tamaño de interfaz?","¿Mantener este tamaño de interfaz?","Manter este tamanho de interface?","Manter este tamanho de interface?","Conserver cette taille d'interface ?","Diese Oberflächengröße beibehalten?","Behold denne brugerfladestørrelse?","Pertahankan ukuran antarmuka ini?","Beholde denne grensesnittstørrelsen?","Behålla den här gränssnittsstorleken?","Deze interfacegrootte behouden?","Giữ kích thước giao diện này?","Kekalkan saiz antara muka ini?","이 인터페이스 크기를 유지할까요?","Оставить этот размер интерфейса?","Залишити цей розмір інтерфейсу?","200214","Settings","其他界面倍率确认标题"
"Settings_OtherUiScaleConfirmMessage","Keep the current interface size? It will be restored in {0} seconds.","是否保留当前其他界面大小？将在 {0} 秒后恢复。","是否保留目前其他介面大小？將在 {0} 秒後恢復。","現在のUIサイズを維持しますか？{0}秒後に元に戻ります。","¿Mantener el tamaño actual de la interfaz? Se restaurará en {0} segundos.","¿Mantener el tamaño actual de la interfaz? Se restaurará en {0} segundos.","Manter o tamanho atual da interface? Ele será restaurado em {0} segundos.","Manter o tamanho atual da interface? Será restaurado dentro de {0} segundos.","Conserver la taille actuelle de l'interface ? Elle sera rétablie dans {0} secondes.","Aktuelle Oberflächengröße beibehalten? Sie wird in {0} Sekunden zurückgesetzt.","Behold den aktuelle brugerfladestørrelse? Den gendannes om {0} sekunder.","Pertahankan ukuran antarmuka saat ini? Ukuran akan dipulihkan dalam {0} detik.","Beholde gjeldende grensesnittstørrelse? Den gjenopprettes om {0} sekunder.","Behålla den aktuella gränssnittsstorleken? Den återställs om {0} sekunder.","Huidige interfacegrootte behouden? Deze wordt over {0} seconden hersteld.","Giữ kích thước giao diện hiện tại? Kích thước sẽ được khôi phục sau {0} giây.","Kekalkan saiz antara muka semasa? Saiz akan dipulihkan dalam {0} saat.","현재 인터페이스 크기를 유지할까요? {0}초 후 복원됩니다.","Оставить текущий размер интерфейса? Через {0} сек. он будет восстановлен.","Залишити поточний розмір інтерфейсу? Через {0} с його буде відновлено.","200215","Settings","其他界面倍率十秒确认说明"
"Settings_Gameplay","Game Experience","游戏体验","遊戲體驗","ゲーム体験","Experiencia de juego","Experiencia de juego","Experiência de jogo","Experiência de jogo","Expérience de jeu","Spielerlebnis","Spiloplevelse","Pengalaman Bermain","Spillopplevelse","Spelupplevelse","Spelervaring","Trải nghiệm chơi","Pengalaman Permainan","게임 경험","Игровой процесс","Ігровий процес","200451","Settings","设置页分组标题"
"Settings_AutoHidePanelOnFocusLoss","Auto-hide Panel on Focus Loss","失焦时自动隐藏面板","失去焦點時自動隱藏面板","フォーカス喪失時にパネルを自動で隠す","Ocultar automáticamente el panel al perder el foco","Ocultar automáticamente el panel al perder el foco","Ocultar painel automaticamente ao perder o foco","Ocultar automaticamente o painel ao perder o foco","Masquer automatiquement le panneau à la perte du focus","Panel bei Fokusverlust automatisch ausblenden","Skjul panelet automatisk ved fokus-tab","Sembunyikan Panel Otomatis saat Kehilangan Fokus","Skjul panelet automatisk når fokus mistes","Dölj panelen automatiskt vid fokusförlust","Paneel automatisch verbergen bij focusverlies","Tự động ẩn bảng khi mất tiêu điểm","Sembunyikan Panel Secara Automatik Apabila Hilang Fokus","포커스를 잃으면 패널 자동 숨기기","Скрывать панель при потере фокуса","Приховувати панель у разі втрати фокуса","200202","Settings","桌宠面板行为设置"
"Settings_TongueInstantMode","Tongue Instant Mode","舌头即时模式","舌頭即時模式","舌の即時モード","Modo de lengua instantáneo","Modo de lengua instantáneo","Modo de língua instantâneo","Modo de língua instantâneo","Mode langue instantané","Sofortiger Zungenmodus","Øjeblikkelig tungestatus","Mode Lidah Instan","Umiddelbar tungemodus","Omedelbart tungläge","Directe tongmodus","Chế độ lưỡi tức thì","Mod Lidah Serta-merta","즉시 혀 모드","Мгновенная анимация языка","Миттєва анімація язика","200203","Settings","桌宠舌头反馈设置"
"Settings_AlwaysShowBlindBoxBubble","Always Show Blind Box Bubble","始终显示盲盒气泡","永遠顯示盲盒氣泡","ブラインドボックスの吹き出しを常に表示","Mostrar siempre la burbuja de caja sorpresa","Mostrar siempre la burbuja de caja sorpresa","Sempre mostrar bolha da caixa surpresa","Mostrar sempre a bolha da caixa surpresa","Toujours afficher la bulle de boîte surprise","Blindbox-Sprechblase immer anzeigen","Vis altid blindboksboblen","Tampilkan Gelembung Kotak Misteri Selalu","Vis alltid blindboksboblen","Visa alltid blindbox-bubblan","Blindbox-bubbel altijd weergeven","Luôn hiển thị bong bóng hộp mù","Sentiasa Papar Buih Kotak Misteri","블라인드 박스 말풍선 항상 표시","Всегда показывать облачко лутбокса","Завжди показувати хмаринку лутбоксу","200204","Settings","盲盒气泡显示设置"
"Settings_Convenience","Convenience","便利功能","便利功能","便利機能","Funciones prácticas","Funciones prácticas","Recursos práticos","Funcionalidades práticas","Pratique","Komfort","Bekvemmelighed","Kemudahan","Bekvemmelighet","Bekvämlighet","Gemak","Tiện ích","Kemudahan","편의 기능","Удобство","Зручність","200301","Settings","设置页分组标题"
"Settings_AutoEquipNewOutfits","Auto-equip New Outfits","自动装备新装扮","自動裝備新裝扮","新しい衣装を自動装備","Equipar automáticamente nuevos atuendos","Equipar automáticamente nuevos atuendos","Equipar novos trajes automaticamente","Equipar automaticamente novos visuais","Équiper automatiquement les nouvelles tenues","Neue Outfits automatisch ausrüsten","Udstyr automatisk nye outfits","Kenakan Otomatis Pakaian Baru","Utstyr nye antrekk automatisk","Utrusta nya kläder automatiskt","Nieuwe outfits automatisch uitrusten","Tự động trang bị trang phục mới","Lengkapkan Pakaian Baharu Secara Automatik","새 의상 자동 장착","Автоматически надевать новые наряды","Автоматично вдягати нові вбрання","200302","Settings","获得装扮后的自动装备设置"
"Settings_SnapToWindowsTaskbar","Snap to Windows Taskbar","吸附到 Windows 任务栏","吸附到 Windows 工作列","Windows タスクバーに吸着","Ajustar a la barra de tareas de Windows","Ajustar a la barra de tareas de Windows","Ajustar à barra de tarefas do Windows","Ajustar à barra de tarefas do Windows","Ancrer à la barre des tâches Windows","An Windows-Taskleiste andocken","Fastgør til Windows-proceslinjen","Tempel ke Taskbar Windows","Fest til Windows-oppgavelinjen","Fäst vid Windows aktivitetsfält","Vastmaken aan de Windows-taakbalk","Hít vào thanh tác vụ Windows","Lekat pada Bar Tugas Windows","Windows 작업 표시줄에 맞추기","Прикреплять к панели задач Windows","Прикріплювати до панелі завдань Windows","200303","Settings","桌宠吸附设置"
"Settings_PrivacyAndSafety","Privacy & Safety","隐私与安全","隱私與安全","プライバシーと安全","Privacidad y seguridad","Privacidad y seguridad","Privacidade e segurança","Privacidade e segurança","Confidentialité et sécurité","Datenschutz und Sicherheit","Privatliv og sikkerhed","Privasi & Keamanan","Personvern og sikkerhet","Sekretess och säkerhet","Privacy en veiligheid","Quyền riêng tư & An toàn","Privasi & Keselamatan","개인정보 및 안전","Конфиденциальность и безопасность","Конфіденційність і безпека","200401","Settings","设置页分组标题"
"Settings_StreamerSafeMode","Streamer Safe Mode","直播安全模式","直播安全模式","配信セーフモード","Modo seguro para transmisiones","Modo seguro para transmisiones","Modo seguro para transmissões","Modo seguro para transmissões","Mode sécurisé pour le streaming","Sicherer Streamer-Modus","Sikker streamingtilstand","Mode Aman Streamer","Sikker streamermodus","Säkert streamerläge","Veilige streamermodus","Chế độ an toàn cho streamer","Mod Selamat Penstrim","스트리머 안전 모드","Безопасный режим для стримеров","Безпечний режим для стримерів","200402","Settings","安全文案开关"
"Settings_Display","Display","显示","顯示","表示","Pantalla","Pantalla","Exibição","Apresentação","Affichage","Anzeige","Visning","Tampilan","Visning","Visning","Weergave","Hiển thị","Paparan","표시","Отображение","Відображення","200501","Settings","设置页分组标题"
"Settings_CounterDisplay","Counter Display","计数器显示","計數器顯示","カウンター表示","Visualización del contador","Visualización del contador","Exibição do contador","Apresentação do contador","Affichage du compteur","Zähleranzeige","Tællervisning","Tampilan Penghitung","Tellervisning","Räknarvisning","Tellerweergave","Hiển thị bộ đếm","Paparan Kaunter","카운터 표시","Счётчик","Лічильник","200502","Settings","桌宠计数器显示模式"
"Settings_CounterDisplay_Clock","Clock","时钟","時鐘","時計","Reloj","Reloj","Relógio","Relógio","Horloge","Uhr","Ur","Jam","Klokke","Klocka","Klok","Tạm dừng","Jam","시계","Часы","Годинник","200503","Settings","计数器显示模式选项"
"Settings_CounterDisplay_Chips","Points","点数","點數","ポイント","Puntos","Puntos","Pontos","Pontos","Points","Punkte","Point","Poin","Poeng","Poäng","Punten","Điểm","Mata","포인트","Очки","Очки","200504","Settings","计数器显示模式选项"
"Settings_CounterDisplay_Nickname","Nickname","昵称","暱稱","ニックネーム","Apodo","Apodo","Apelido","Apelido","Pseudo","Spitzname","Kaldenavn","Nama panggilan","Kallenavn","Smeknamn","Bijnaam","Biệt danh","Nama panggilan","닉네임","Имя","Ім’я","200506","Settings","计数器显示模式选项"
"Settings_CounterDisplay_Hidden","Hidden","隐藏","隱藏","非表示","Oculto","Oculto","Oculto","Oculto","Masqué","Ausgeblendet","Skjult","Tersembunyi","Skjult","Dold","Verborgen","Ẩn","Tersembunyi","숨김","Скрыт","Прихований","200505","Settings","计数器显示模式选项"
"Settings_AutoHideCounter","Auto-hide Counter","计数器自动隐藏","計數器自動隱藏","カウンターを自動的に隠す","Ocultar automáticamente el contador","Ocultar automaticamente o contador","Ocultar automaticamente o contador","Ocultar automaticamente o contador","Masquer automatiquement le compteur","Zähler automatisch ausblenden","Skjul tæller automatisk","Sembunyikan Penghitung Otomatis","Skjul telleren automatisk","Dölj räknaren automatiskt","Teller automatisch verbergen","Tự động ẩn bộ đếm","Sembunyikan Kaunter Secara Automatik","카운터 자동 숨기기","Автоматически скрывать счётчик","Автоматично приховувати лічильник","200509","Settings","桌宠计数器自动隐藏设置"
"Settings_PokerFrameRate","Poker Frame Rate","扑克画面帧率","撲克畫面幀率","ポーカー画面のフレームレート","FPS del póquer","FPS del póquer","FPS do pôquer","FPS do póquer","IPS du poker","Poker-FPS","Poker-FPS","FPS Poker","Poker-FPS","Poker-FPS","Poker-FPS","FPS poker","FPS Poker","포커 화면 FPS","Частота кадров покера","Частота кадрів покеру","200507","Settings","扑克 SubViewport 重绘帧率设置"
"Settings_VerticalSync","Vertical Sync","垂直同步","垂直同步","垂直同期","Sincronización vertical","Sincronización vertical","Sincronização vertical","Sincronização vertical","Synchronisation verticale","Vertikale Synchronisierung","Lodret synkronisering","Sinkronisasi vertikal","Vertikal synkronisering","Vertikal synkronisering","Verticale synchronisatie","Đồng bộ dọc","Penyegerakan menegak","수직 동기화","Вертикальная синхронизация","Вертикальна синхронізація","200508","Settings","垂直同步开关"
"Settings_CenterCounterOnTaskbar","Center Counter within Taskbar Height","计数器按任务栏高度居中","計數器依工作列高度置中","タスクバーの高さに合わせてカウンターを中央揃え","Centra el contador según la altura de la barra de tareas","Centra el contador según la altura de la barra de tareas","Centralizar contador pela altura da barra de tarefas","Centrar o contador pela altura da barra de tarefas","Centrer le compteur selon la hauteur de la barre des tâches","Zähler innerhalb der Taskleistenhöhe zentrieren","Centrér tælleren efter proceslinjens højde","Tengahkan Penghitung dalam Tinggi Taskbar","Sentrer telleren innenfor høyden på oppgavelinjen","Centrera räknaren inom aktivitetsfältets höjd","Teller binnen taakbalkhoogte centreren","Căn giữa bộ đếm theo chiều cao thanh tác vụ","Tengah Kaunter Mengikut Ketinggian Bar Tugas","작업 표시줄 높이 내에서 카운터 가운데 맞춤","Центрировать счётчик по высоте панели задач","Центрувати лічильник за висотою панелі завдань","200506","Settings","计数器布局设置"
"Settings_SaveData","Save Data","存档","存檔","セーブデータ","Datos guardados","Datos guardados","Dados salvos","Dados gravados","Données de sauvegarde","Speicherdaten","Gemte data","Data Simpanan","Lagringsdata","Sparade data","Opslaggegevens","Dữ liệu lưu","Dara Simpanan","저장 데이터","Сохранение данных","Збереження даних","200601","Settings","设置页分组标题"
"Settings_ResetSaveData","Reset Save Data","重置存档","重置存檔","セーブデータをリセット","Restablecer datos guardados","Restablecer datos guardados","Redefinir dados salvos","Repor dados gravados","Réinitialiser les données de sauvegarde","Speicherdaten zurücksetzen","Gemte data nulstil","Reset Data Simpanan","Tilbakestill lagringsdata","Återställ sparade data","Opslaggegevens resetten","Đặt lại dữ liệu lưu","Tetapkan Semula Data Simpanan","저장 데이터 초기화","Сбросить сохранение","Скинути збереження","200602","Settings","危险操作按钮"
"Settings_ResetSaveMessage","Reset local save data? This will clear chips, owned items, and equipped items. Steam achievements and other data associated with your Steam account will not be affected. Unless you need to start over or troubleshoot an issue, we recommend not resetting your save data.","确定要重置本地存档吗？这会清空筹码、已拥有物品和已装备物品。Steam 成就及其他与 Steam 帐号关联的数据不会受到影响。除非需要从头开始体验或排查问题，否则不建议重置存档。","確定要重置本機存檔嗎？這會清空籌碼、已擁有物品和已裝備物品。Steam 成就及其他與 Steam 帳號關聯的資料不會受到影響。除非需要從頭開始體驗或排查問題，否則不建議重置存檔。","ローカルのセーブデータをリセットしますか？チップ、所持アイテム、装備中のアイテムが消去されます。Steam実績およびSteamアカウントに紐づくその他のデータには影響しません。最初からやり直す、または問題の調査が必要な場合を除き、セーブデータのリセットはおすすめしません。","¿Restablecer los datos guardados locales? Se eliminarán las fichas, los objetos que posees y los objetos equipados. Los logros de Steam y otros datos asociados a tu cuenta de Steam no se verán afectados. No recomendamos restablecer los datos guardados salvo que quieras empezar de nuevo o solucionar un problema.","¿Restablecer los datos guardados locales? Se eliminarán las fichas, los objetos que posees y los objetos equipados. Los logros de Steam y otros datos asociados a tu cuenta de Steam no se verán afectados. No recomendamos restablecer los datos guardados salvo que quieras empezar de nuevo o solucionar un problema.","Redefinir os dados salvos locais? Isso removerá fichas, itens que você possui e itens equipados. Conquistas do Steam e outros dados associados à sua conta Steam não serão afetados. Não recomendamos redefinir os dados salvos a menos que você precise recomeçar ou resolver um problema.","Repor os dados gravados locais? Isto irá remover fichas, itens que possui e itens equipados. As conquistas do Steam e outros dados associados à sua conta Steam não serão afetados. Não recomendamos repor os dados gravados exceto se precisar de recomeçar ou resolver um problema.","Réinitialiser les données de sauvegarde locales ? Cela supprimera les jetons, les objets possédés et les objets équipés. Les succès Steam et les autres données associées à votre compte Steam ne seront pas affectés. Sauf si vous voulez recommencer ou résoudre un problème, nous vous déconseillons de réinitialiser vos données.","Lokale Speicherdaten zurücksetzen? Dadurch werden Chips, besessene und ausgerüstete Gegenstände gelöscht. Steam-Erfolge und andere mit deinem Steam-Konto verknüpfte Daten bleiben erhalten. Wir empfehlen das Zurücksetzen nur, wenn du neu beginnen oder ein Problem beheben möchtest.","Nulstil lokale gemte data? Dette sletter point, ejede genstande og udstyrede genstande. Steam-præstationer og andre data knyttet til din Steam-konto påvirkes ikke. Vi anbefaler kun nulstilling hvis du vil starte forfra eller løse et problem.","Reset data simpanan lokal? Ini akan menghapus poin, item yang dimiliki, dan item yang dikenakan. Pencapaian Steam dan data lain yang terkait dengan akun Steam Anda tidak akan terpengaruh. Kami tidak menyarankan reset kecuali Anda ingin memulai ulang atau memecahkan masalah.","Tilbakestille lokale lagringsdata? Dette fjerner poeng, eide gjenstander og utstyrte gjenstander. Steam-prestasjoner og andre data knyttet til Steam-kontoen din påvirkes ikke. Vi anbefaler ikke tilbakestilling med mindre du vil starte på nytt eller feilsøke et problem.","Återställa lokala sparade data? Detta rensar poäng, ägda föremål och utrustade föremål. Steam-prestationer och annan data kopplad till ditt Steam-konto påverkas inte. Vi rekommenderar inte återställning om du inte vill börja om eller felsöka ett problem.","Lokale opslaggegevens resetten? Hiermee worden punten, bezeten items en uitgeruste items gewist. Steam-prestaties en andere gegevens die aan je Steam-account zijn gekoppeld blijven behouden. We raden resetten alleen aan als je opnieuw wilt beginnen of een probleem wilt oplossen.","Đặt lại dữ liệu lưu cục bộ? Thao tác này sẽ xóa điểm, vật phẩm sở hữu và vật phẩm đang trang bị. Thành tựu Steam và dữ liệu khác liên kết với tài khoản Steam của bạn sẽ không bị ảnh hưởng. Chúng tôi không khuyến nghị đặt lại trừ khi bạn muốn bắt đầu lại hoặc khắc phục sự cố.","Tetapkan semula data simpanan tempatan? Ini akan memadam mata, item yang dimiliki dan item yang dilengkapkan. Pencapaian Steam serta data lain yang berkaitan dengan akaun Steam anda tidak akan terjejas. Kami tidak mengesyorkan tetapan semula melainkan anda mahu bermula semula atau menyelesaikan masalah.","로컬 저장 데이터를 초기화할까요? 포인트, 보유 아이템, 장착 아이템이 삭제됩니다. Steam 업적 및 Steam 계정과 연결된 기타 데이터는 영향을 받지 않습니다. 처음부터 다시 시작하거나 문제를 해결해야 하는 경우가 아니라면 초기화를 권장하지 않습니다.","Сбросить локальные данные сохранения? Будут удалены очки, полученные и надетые предметы. Достижения Steam и другие данные, связанные с вашим аккаунтом Steam, не будут затронуты. Если вам не нужно начать заново или устранить проблему, мы рекомендуем не сбрасывать данные сохранения.","Скинути локальні дані збереження? Буде видалено очки, отримані та вдягнені предмети. Досягнення Steam та інші дані, пов’язані з вашим обліковим записом Steam, не буде змінено. Якщо вам не потрібно починати спочатку або усувати проблему, ми радимо не скидати дані збереження.","200603","Settings","重置存档确认说明"
"Settings_ResetSaveConfirm","Reset","重置","重置","リセット","Restablecer","Restablecer","Redefinir","Repor","Réinitialiser","Zurücksetzen","Nulstil","Reset","Tilbakestill","Återställ","Resetten","Đặt lại","Tetapkan Semula","초기화","Сбросить","Скинути","200604","Settings","重置存档确认按钮"
"OutfitPreset_SaveEmptySlot","Save current outfit","保存当前装扮","儲存目前裝扮","現在のコーデを保存","Guardar atuendo actual","Guardar atuendo actual","Salvar traje atual","Guardar visual atual","Enregistrer la tenue actuelle","Aktuelles Outfit speichern","Gem nuværende outfit","Simpan pakaian saat ini","Lagre gjeldende antrekk","Spara nuvarande outfit","Huidige outfit opslaan","Lưu trang phục hiện tại","Simpan pakaian semasa","현재 꾸미기 저장","Сохранить текущий наряд","Зберегти поточне вбрання","200901","OutfitPreset","空槽位提示"
"OutfitPreset_ApplySlot","Apply this outfit","应用这套装扮","套用這套裝扮","このコーデを適用","Aplicar este atuendo","Aplicar este atuendo","Aplicar este traje","Aplicar este visual","Appliquer cette tenue","Dieses Outfit anwenden","Anvend dette outfit","Terapkan pakaian ini","Bruk dette antrekket","Använd den här outfiten","Deze outfit toepassen","Áp dụng trang phục này","Guna pakaian ini","이 꾸미기 적용","Применить этот наряд","Застосувати це вбрання","200902","OutfitPreset","已有槽位提示"
"OutfitPreset_DeleteSlot","Delete preset","删除预设","刪除預設","プリセットを削除","Eliminar preajuste","Eliminar preajuste","Excluir predefinição","Eliminar predefinição","Supprimer le préréglage","Vorlage löschen","Slet forudindstilling","Hapus preset","Slett forhåndsinnstilling","Ta bort förinställning","Voorinstelling verwijderen","Xóa cài đặt sẵn","Padam pratetap","프리셋 삭제","Удалить предустановку","Видалити пресет","200903","OutfitPreset","删除按钮提示"
"Wardrobe_EmptyCategory","No items in this category yet. Time to fetch some!","还没有这个分类的物品，想办法去搞点吧汪~","這個分類還沒有物品，想辦法去弄一點吧汪~","このカテゴリにはまだアイテムがありません。何か見つけに行きましょう！","Aún no hay artículos en esta categoría. ¡Es hora de conseguir algunos!","Aún no hay artículos en esta categoría. ¡Es hora de conseguir algunos!","Ainda não há itens nesta categoria. Hora de buscar alguns!","Ainda não há itens nesta categoria. Está na hora de arranjar alguns!","Pas encore d'objets dans cette catégorie. Il est temps d'en trouver !","Noch keine Gegenstände in dieser Kategorie. Zeit welche zu finden!","Ingen genstande i denne kategori endnu. Tid til at finde nogle!","Belum ada item di kategori ini. Saatnya mencari!","Ingen gjenstander i denne kategorien ennå. På tide å finne noen!","Inga föremål i denna kategori ännu. Dags att hitta några!","Nog geen items in deze categorie. Tijd om er wat te vinden!","Chưa có vật phẩm trong danh mục này. Đến lúc kiếm vài món rồi!","Belum ada item dalam kategori ini. Masa untuk mencari!","이 카테고리에는 아직 아이템이 없어요. 찾아볼 시간이에요!","В этой категории пока нет предметов. Пора что-нибудь найти!","У цій категорії ще немає предметів. Час щось знайти!","300101","Wardrobe","装扮页空分类提示"
"Wardrobe_Tab_Dog","Dog","狗狗","狗狗","犬","Perro","Perro","Cão","Cão","Chien","Hund","Hund","Anjing","Hund","Hund","Hond","Chó","Anjing","강아지","Собака","Собака","300102","Wardrobe","装扮分类标签提示"
"Wardrobe_Tab_Hat","Hat","帽子","帽子","帽子","Sombrero","Sombrero","Chapéu","Chapéu","Chapeau","Hut","Hat","Topi","Hatt","Hatt","Hoed","Mũ","Topi","모자","Головной убор","Головний убір","300103","Wardrobe","装扮分类标签提示"
"Wardrobe_Tab_Player","Player","玩家","玩家","プレイヤー","Jugador","Jugador","Joueur","Jogador","Joueur","Spieler","Spiller","Pemain","Spiller","Spelare","Speler","Người chơi","Pemain","플레이어","Игрок","Гравець","300105","Wardrobe","装扮分类标签提示"
"Wardrobe_Tab_Theme","Theme","主题","主題","テーマ","Tema","Tema","Tema","Tema","Thème","Thema","Tema","Tema","Tema","Tema","Thema","Chủ đề","Tema","테마","Тема","Тема","300106","Wardrobe","装扮分类标签提示"
"Wardrobe_Tab_Refreshment","Refreshments","饮品","飲品","ドリンク","Refrescos","Refrescos","Bebidas","Bebidas","Rafraîchissements","Erfrischungen","Forfriskninger","Minuman","Forfriskninger","Förfriskningar","Verfrissingen","Đồ uống","Minuman","음료","Напитки","Напої","300107","Wardrobe","装扮分类标签提示"
"LinkTree_SyncingRewards","Checking Steam rewards, please wait...\n\nIf Steam inventory does not reconnect for a while, check your network or try a different VPN/proxy connection.","正在检查 Steam 奖励，请稍候...\n\n若 Steam 库存长时间未恢复，请检查网络或切换加速器 / VPN 节点。","正在檢查 Steam 獎勵，請稍候…\n\n若 Steam 收藏庫長時間未恢復，請檢查網路連線，或嘗試其他 VPN／代理連線。","Steam 報酬を確認しています。しばらくお待ちください…\n\nSteam インベントリが長時間復旧しない場合は、ネットワーク接続を確認するか、VPN／プロキシ接続を変更してください。","Comprobando las recompensas de Steam, espera...\n\nSi el inventario de Steam no se recupera tras un tiempo, revisa tu conexión o prueba con otra conexión VPN/proxy.","Estamos verificando las recompensas de Steam, espera...\n\nSi el inventario de Steam no se recupera después de un tiempo, revisa tu conexión o cambia de acelerador / nodo VPN.","Verificando as recompensas da Steam, aguarde...\n\nSe o inventário da Steam não se reconectar após algum tempo, verifique sua rede ou tente outra conexão VPN/proxy.","A verificar as recompensas da Steam, aguarde...\n\nSe o inventário Steam não recuperar após algum tempo, verifique a ligação de rede ou experimente outra ligação VPN/proxy.","Vérification des récompenses Steam, veuillez patienter…\n\nSi l'inventaire Steam ne se reconnecte pas après un moment, vérifiez votre réseau ou essayez une autre connexion VPN/proxy.","Steam-Belohnungen werden geprüft, bitte warten…\n\nWenn sich das Steam-Inventar nach längerer Zeit nicht wieder verbindet, prüfen Sie Ihre Netzwerkverbindung oder versuchen Sie eine andere VPN-/Proxy-Verbindung.","Steam-belønninger kontrolleres, vent venligst…\n\nHvis Steam-lageret ikke genopretter forbindelsen efter et stykke tid, skal du kontrollere netværket eller prøve en anden VPN-/proxyforbindelse.","Sedang memeriksa hadiah Steam, harap tunggu...\n\nJika inventaris Steam belum pulih setelah beberapa saat, periksa jaringan Anda atau ganti akselerator / node VPN.","Sjekker Steam-belønninger. Vent litt…\n\nHvis Steam-lageret ikke kobler til igjen etter en stund, sjekk nettverket eller prøv en annen VPN-/proxytilkobling.","Steam-belöningar kontrolleras, vänta…\n\nOm Steam-inventariet inte återansluter efter en stund, kontrollera nätverket eller prova en annan VPN-/proxyanslutning.","Steam-beloningen worden gecontroleerd, even geduld…\n\nAls de verbinding met de Steam-inventaris na enige tijd niet herstelt, controleer dan je netwerk of probeer een andere VPN-/proxyverbinding.","Đang kiểm tra phần thưởng Steam, vui lòng chờ...\n\nNếu kho đồ Steam chưa khôi phục sau một thời gian, hãy kiểm tra mạng hoặc đổi tăng tốc mạng / nút VPN.","Menyemak ganjaran Steam, sila tunggu…\n\nJika inventori Steam tidak bersambung semula selepas beberapa ketika, periksa rangkaian anda atau cuba sambungan VPN/proksi lain.","Steam 보상을 확인하는 중입니다. 잠시만 기다려 주세요…\n\nSteam 인벤토리가 오랫동안 다시 연결되지 않으면 네트워크를 확인하거나 다른 VPN/프록시 연결을 시도해 주세요.","Проверяем награды Steam, подождите...\n\nЕсли инвентарь Steam долго не подключается, проверьте сеть или попробуйте другое VPN-/прокси-соединение.","Перевіряємо нагороди Steam, зачекайте...\n\nЯкщо інвентар Steam довго не підключається, перевірте мережу або спробуйте інше VPN-/проксі-з’єднання.","300001","LinkTree","Steam 库存同步期间的占位文本"
"LinkTree_RewardsUnavailable","Steam rewards are temporarily unavailable","Steam 奖励暂时不可用","Steam 獎勵暫時無法使用","Steam報酬は一時的に利用できません","Las recompensas de Steam no están disponibles temporalmente","Las recompensas de Steam no están disponibles temporalmente","As recompensas do Steam estão temporariamente indisponíveis","As recompensas do Steam estão temporariamente indisponíveis","Les récompenses Steam sont temporairement indisponibles","Steam-Belohnungen sind vorübergehend nicht verfügbar","Steam-belønninger er midlertidigt utilgængelige","Hadiah Steam sementara tidak tersedia","Steam-belønninger er midlertidig utilgjengelige","Steam-belöningar är tillfälligt otillgängliga","Steam-beloningen zijn tijdelijk niet beschikbaar","Phần thưởng Steam hiện tạm thời không khả dụng","Ganjaran Steam tidak tersedia buat sementara waktu","Steam 보상을 일시적으로 사용할 수 없습니다","Награды Steam временно недоступны","Нагороди Steam тимчасово недоступні","300002","LinkTree","Steam 库存同步失败时的占位文本"
"InfoPanel_Chips","Chips","筹码","籌碼","チップ","Fichas","Fichas","Fichas","Fichas","Jetons","Chips","Point","Poin","Poeng","Poäng","Fiches","Điểm","Mata","칩","Фишки","Фішки","400001","InfoPanel","扑克信息面板筹码标题"
"InfoPanel_Chips_Safe","Lucky Points","幸运点数","幸運點數","ラッキーポイント","Puntos de suerte","Puntos de suerte","Pontos de sorte","Pontos de sorte","Points de chance","Glückspunkte","Heldige point","Poin Keberuntungan","Lykkepoeng","Turpoäng","Gelukspunten","Điểm may mắn","Mata Tuah","행운 포인트","Очки удачи","Щасливі очки","400002","InfoPanel","安全模式筹码标题"
"InfoPanel_Open","Open Box","开盒","開盒","開封","Abrir caja","Abrir caja","Abrir caixa","Abrir caixa","Ouvrir la boîte","Box öffnen","Åbn boks","Buka Kotak","Åpne boks","Öppna låda","Doos openen","Mở hộp","Buka Kotak","상자 열기","Открыть лутбокс","Відкрити лутбокс","400003","InfoPanel","盲盒按钮"
"InfoPanel_Menu","Menu","菜单","選單","メニュー","Menú","Menú","Menu","Menu","Menu","Menü","Menu","Menu","Meny","Meny","Menu","Menu","Menu","메뉴","Меню","Меню","400004","InfoPanel","系统面板按钮"
"InfoPanel_GoodLuck","Good Luck!","祝你好运！","祝你好運！","幸運を！","¡Buena suerte!","¡Buena suerte!","Boa sorte!","Boa sorte!","Bonne chance !","Viel Glück!","Held og lykke!","Semoga beruntung!","Lykke til!","Lycka till!","Veel succes!","Chúc may mắn!","Semoga berjaya!","행운을 빌어요!","Удачи!","Успіхів!","400005","InfoPanel","新牌局默认提示"
"InfoPanel_Nothing","Nothing","无牌型","無牌型","なし","Sin jugada","Sin jugada","Sem jogo","Sem jogo","Rien","Nichts","Intet","Tidak ada","Ingenting","Ingenting","Niets","Không có","Tiada","없음","Нет комбинации","Немає комбінації","400006","InfoPanel","无中奖牌型"
"InfoPanel_YouWin","You win {0}","赢得 {0}","贏得 {0}","{0} 獲得","Ganas {0}","Ganas {0}","Você ganhou {0}","Ganhaste {0}","Vous gagnez {0}","Du gewinnst {0}","Du vinder {0}","Anda menang {0}","Du vinner {0}","Du vinner {0}","Je wint {0}","Bạn thắng {0}","Anda menang {0}","{0} 획득","Вы выиграли: {0}","Ви виграли: {0}","400007","InfoPanel","获胜提示"
"Paytable_OnePair","One Pair","一对","一對","ワンペア","Pareja","Pareja","Par","Par","Une paire","Ein Paar","Et par","Satu Pasang","Ett par","Ett par","Eén paar","Một đôi","Satu Pasang","원 페어","Одна пара","Одна пара","500001","Paytable","原始牌型名称"
"Paytable_OnePair_Safe","Top Dogs","好犬优选","好犬優選","トップドッグ","Perros estrella","Perros estrella","Cães de destaque","Cães de destaque","Chiens vedettes","Top-Hunde","Tophunde","Anjing Unggulan","Topp-hunder","Topp-hundar","Tophonden","Chó nổi bật","Anjing Pilihan","최고의 강아지","Лучшие псы","Найкращі пси","500002","Paytable","安全模式牌型名称"
"Paytable_TwoPair","Two Pair","两对","兩對","ツーペア","Doble pareja","Doble pareja","Dois pares","Dois pares","Deux paires","Zwei Paare","To par","Dua Pasang","To par","TVå par","Twee paar","Hai đôi","Dua Pasang","투 페어","Две пары","Дві пари","500003","Paytable","原始牌型名称"
"Paytable_TwoPair_Safe","Twin Pairs","双犬配对","雙犬配對","ツインペア","Dúo canino","Dúo canino","Duo canino","Duo canino","Paires de chiots","Hundepaar","To hunde","Pasangan Anjing","Hundepar","Hundpar","Hondenpaar","Cặp chó","Pasangan Anjing","강아지 한 쌍","Пара пар","Пара пар","500004","Paytable","安全模式牌型名称"
"Paytable_ThreeOfAKind","Three of a Kind","三条","三條","スリーカード","Trío","Trío","Trinca","Trio","Brelan","Drilling","Tre ens","Tiga Sejenis","Trilling","Triss","Drie dezelfde","Bộ ba","Tiga Sejenis","트리플","Тройка","Трійка","500005","Paytable","原始牌型名称"
"Paytable_ThreeOfAKind_Safe","Triple Pals","三犬同行","三犬同行","トリプルパル","Trío canino","Trío canino","Trio canino","Trio canino","Trio de copains","Hundetrio","Tre venner","Trio Kawan","Hundetrio","Hundtrio","Hondentrio","Bộ ba chó","Trio Anjing","강아지 트리오","Тройные друзья","Троє друзів","500006","Paytable","安全模式牌型名称"
"Paytable_Straight","Straight","顺子","順子","ストレート","Escalera","Escalera","Sequência","Sequência","Quinte","Straße","Straight","Lurus","Straight","Straight","Straat","Sảnh","Lurus","스트레이트","Стрит","Стріт","500007","Paytable","原始牌型名称"
"Paytable_Straight_Safe","Chain Walk","顺位犬链","順位犬鏈","チェーンウォーク","Paseo en cadena","Paseo en cadena","Corrente canina","Corrente canina","Promenade en chaîne","Ketten-Spaziergang","Kædegang","Jalan Berantai","Lenketur","Kedjepromenad","Kettingwandeling","Đi dạo theo chuỗi","Jalan Rantai","연속 산책","Цепная прогулка","Ланцюгова прогулянка","500008","Paytable","安全模式牌型名称"
"Paytable_Flush","Flush","同花","同花","フラッシュ","Color","Color","Flush","Flush","Couleur","Flush","Flush","Flush","Flush","Flush","Flush","Thùng","Flush","플러시","Флеш","Флеш","500009","Paytable","原始牌型名称"
"Paytable_Flush_Safe","Matching Den","同色犬舍","同色犬舍","マッチングデン","Guarida a juego","Guarida a juego","Canil combinando","Canil a combinar","Niche assortie","Passende Hundehütte","Matchende hundehus","Kandang Serasi","Matchende hundehus","Matchande hundkoja","Bijpassend hondenhok","Chuồng hợp màu","Kandang Sepadan","어울리는 집","Одинаковая будка","Однакова будка","500010","Paytable","安全模式牌型名称"
"Paytable_FullHouse","Full House","葫芦","葫蘆","フルハウス","Full","Full","Full house","Full house","Full","Full House","Full House","Full House","Full House","Full House","Full House","Cù lũ","Full House","풀 하우스","Фулл-хаус","Фул-хаус","500011","Paytable","原始牌型名称"
"Paytable_FullHouse_Safe","Puppy Party","狗狗满堂","狗狗滿堂","パピーパーティー","Fiesta de cachorros","Fiesta de cachorros","Festa dos filhotes","Festa dos cachorros","Fête des chiots","Welpenparty","Hvalpefest","Pesta Anak Anjing","Valpefest","Valpfest","Puppyfeest","Tiệc cún con","Pesta Anak Anjing","강아지 파티","Щенячья вечеринка","Щеняча вечірка","500012","Paytable","安全模式牌型名称"
"Paytable_FourOfAKind","Four of a Kind","四条","四條","フォーカード","Póker","Póker","Quadra","Quadra","Carré","Vierling","Fire ens","Empat Sejenis","Firerling","Fyrtal","Vier dezelfde","Tứ quý","Empat Sejenis","포 카드","Каре","Каре","500013","Paytable","原始牌型名称"
"Paytable_FourOfAKind_Safe","Dog Squad","四犬成团","四犬成團","ドッグスクワッド","Manada perruna","Manada perruna","Esquadrão canino","Esquadrão canino","Escouade canine","Hunderudel","Hundehold","Pasukan Anjing","Hundetropp","Hundpatrull","Hondenploeg","Đội chó","Pasukan Anjing","강아지 부대","Собачья команда","Собача команда","500014","Paytable","安全模式牌型名称"
"Paytable_StraightFlush","Straight Flush","同花顺","同花順","ストレートフラッシュ","Escalera de color","Escalera de color","Straight flush","Straight flush","Quinte flush","Straight Flush","Straight Flush","Straight Flush","Straight Flush","Straight Flush","Straight Flush","Thùng phá sảnh","Straight Flush","스트레이트 플러시","Стрит-флеш","Стріт-флеш","500015","Paytable","原始牌型名称"
"Paytable_StraightFlush_Safe","Purebred Strike","纯种犬连击","純種犬連擊","ピュアブレッドストライク","Racha de pura raza","Racha de pura raza","Ataque de raça pura","Ataque de raça pura","Frappe de race pure","Reinrassiger Treffer","Racehundestrike","Serangan Ras Murni","Rasehundslag","Rashundsträff","Rashondtreffer","Đòn thuần chủng","Serangan Baka Tulen","순종 스트라이크","Удар чистокровных","Удар чистокровних","500016","Paytable","安全模式牌型名称"
"Paytable_RoyalFlush","Royal Flush","皇家同花顺","皇家同花順","ロイヤルフラッシュ","Escalera real","Escalera real","Royal flush","Royal flush","Quinte royale","Royal Flush","Royal Flush","Royal Flush","Royal Flush","Royal Flush","Royal Flush","Sảnh rồng","Royal Flush","로열 플러시","Роял-флеш","Роял-флеш","500017","Paytable","原始牌型名称"
"Paytable_RoyalFlush_Safe","Royal Feast","皇家盛宴","皇家盛宴","ロイヤルフィースト","Banquete real","Banquete real","Banquete real","Banquete real","Festin royal","Königsmahl","Kongelig fest","Pesta Kerajaan","Kongelig fest","Kunglig fest","Koninklijk feest","Đại tiệc hoàng gia","Jamu Diraja","왕실 만찬","Королевский пир","Королівський бенкет","500018","Paytable","安全模式牌型名称"
"BlindBox_TapToPowerUp","Tap to Try Upgrading…","点击尝试升级…","點擊嘗試升級…","タップしてアップグレードに挑戦…","Pulsa para intentar mejorar…","Toca para intentar mejorar…","Toque para tentar melhorar…","Toca para tentar melhorar…","Appuyez pour tenter une amélioration…","Tippen für Upgrade-Versuch…","Tryk for at prøve at opgradere…","Ketuk untuk mencoba peningkatan…","Trykk for å prøve oppgradering…","Tryck för att försöka uppgradera…","Tik om een upgrade te proberen…","Chạm để thử nâng cấp…","Ketik untuk cuba menaik taraf…","탭하여 업그레이드 시도…","Нажмите, чтобы попробовать улучшить…","Натисніть, щоб спробувати покращити…","600001","BlindBox","盲盒升级阶段提示"
"BlindBox_OpenItUp","Open it up!","打开它！","打開它！","開けよう！","¡Ábrela!","¡Ábrela!","Abra-a!","Abre-a!","Ouvrez-la !","Öffne sie!","Åbn den!","Buka!","Åpne den!","Öppna den!","Open hem!","Mở ra nào!","Bukalah!","열어 보세요!","Откройте его!","Відкрийте його!","600002","BlindBox","盲盒待打开阶段提示"
"BlindBox_TapToClaim","Tap to claim","点击领取","點擊領取","タップして受け取る","Pulsa para reclamar","Toca para reclamar","Toque para resgatar","Toca para receber","Appuyez pour récupérer","Tippen zum Abholen","Tryk for at hente","Ketuk untuk klaim","Trykk for å hente","Tryck för att hämta","Tik om te claimen","Chạm để nhận","Ketik untuk tuntut","탭하여 받기","Нажмите, чтобы получить","Натисніть, щоб отримати","600003","BlindBox","奖励领取提示"
"BlindBox_AutoClaimingInSeconds","Auto-claiming in {0}s","{0} 秒后自动领取","{0} 秒後自動領取","{0}秒後に自動受け取り","Reclamación automática en {0} s","Reclamación automática en {0} s","Resgate automático em {0}s","Receção automática em {0}s","Récupération automatique dans {0} s","Automatische Abholung in {0} s","Automatisk hentning om {0} s","Klaim otomatis dalam {0} dtk","Automatisk henting om {0} s","Automatisk hämtning om {0} s","Automatisch claimen over {0} s","Tự động nhận sau {0} giây","Tuntutan automatik dalam {0}s","{0}초 후 자동 수령","Автоматическое получение через {0} с","Автоматичне отримання через {0} с","600004","BlindBox","自动领取倒计时提示"
"BlindBox_Free","Free","免费","免費","無料","Gratis","Gratis","Grátis","Grátis","Gratuit","Kostenlos","Gratis","Gratis","Gratis","Gratis","Gratis","Miễn phí","Percuma","무료","Бесплатно","Безкоштовно","600005","BlindBox","盲盒气球免费提示"
"Settings_ExportDiagnostics","Export diagnostics","导出诊断包","匯出診斷包","診断パッケージをエクスポート","Exportar diagnóstico","Exportar diagnóstico","Exportar diagnóstico","Exportar diagnóstico","Exporter le diagnostic","Diagnose exportieren","Eksportér diagnostik","Ekspor diagnostik","Eksporter diagnostikk","Exportera diagnostik","Diagnostiek exporteren","Xuất gói chẩn đoán","Eksport diagnostik","진단 패키지 내보내기","Экспортировать диагностику","Експортувати діагностику","100054","Settings","导出隐私安全的诊断压缩包"
"Settings_ExportDiagnosticsSuccess","Exported to: {0}","已导出到：{0}","已匯出至：{0}","エクスポート先：{0}","Exportado a: {0}","Exportado a: {0}","Exportado para: {0}","Exportado para: {0}","Exporté vers : {0}","Exportiert nach: {0}","Eksporteret til: {0}","Diekspor ke: {0}","Eksportert til: {0}","Exporterad till: {0}","Geëxporteerd naar: {0}","Đã xuất tới: {0}","Dieksport ke: {0}","내보낸 위치: {0}","Экспортировано в: {0}","Експортовано до: {0}","100055","Settings","诊断包导出成功提示"
"Settings_ExportDiagnosticsFailed","Export failed. Please try again.","导出失败，请重试。","匯出失敗，請重試。","エクスポートに失敗しました。もう一度お試しください。","Error al exportar. Inténtalo de nuevo.","Error al exportar. Inténtalo de nuevo.","Falha ao exportar. Tente novamente.","Falha ao exportar. Tente novamente.","Échec de l’exportation. Veuillez réessayer.","Export fehlgeschlagen. Bitte erneut versuchen.","Eksport mislykkedes. Prøv igen.","Ekspor gagal. Silakan coba lagi.","Eksporten mislyktes. Prøv igjen.","Exporten misslyckades. Försök igen.","Exporteren mislukt. Probeer het opnieuw.","Xuất thất bại. Vui lòng thử lại.","Eksport gagal. Sila cuba lagi.","내보내기에 실패했습니다. 다시 시도해 주세요.","Не удалось экспортировать. Попробуйте ещё раз.","Не вдалося експортувати. Спробуйте ще раз.","100056","Settings","诊断包导出失败提示"
"Settings_UpdateGame","Update Game","更新游戏","更新遊戲","ゲームを更新","Actualizar juego","Actualizar juego","Atualizar jogo","Atualizar jogo","Mettre à jour le jeu","Spiel aktualisieren","Opdater spil","Perbarui game","Oppdater spillet","Uppdatera spelet","Spel bijwerken","Cập nhật trò chơi","Kemas kini permainan","게임 업데이트","Обновить игру","Оновити гру","100057","Settings","更新游戏按钮完整文案"
"Settings_Update","Update","更新","更新","更新","Actualizar","Actualizar","Atualizar","Atualizar","Mettre à jour","Aktualisieren","Opdater","Perbarui","Oppdater","Uppdatera","Bijwerken","Cập nhật","Kemas kini","업데이트","Обновить","Оновити","100061","Settings","更新游戏按钮空间不足时的短文案"
"Settings_UpdateAndRestartUnavailable","Connect to Steam to update and restart.","连接 Steam 后才能更新并重启。","連線至 Steam 後才能更新並重新啟動。","Steamに接続すると更新して再起動できます。","Conéctate a Steam para actualizar y reiniciar.","Conéctate a Steam para actualizar y reiniciar.","Conecte-se à Steam para atualizar e reiniciar.","Liga-te à Steam para atualizar e reiniciar.","Connectez-vous à Steam pour mettre à jour et redémarrer.","Mit Steam verbinden, um zu aktualisieren und neu zu starten.","Opret forbindelse til Steam for at opdatere og genstarte.","Hubungkan ke Steam untuk memperbarui dan memulai ulang.","Koble til Steam for å oppdatere og starte på nytt.","Anslut till Steam för att uppdatera och starta om.","Maak verbinding met Steam om bij te werken en opnieuw te starten.","Kết nối với Steam để cập nhật và khởi động lại.","Sambung ke Steam untuk mengemas kini dan mula semula.","Steam에 연결해야 업데이트 후 다시 시작할 수 있습니다.","Подключитесь к Steam, чтобы обновить игру и перезапустить её.","Під’єднайтеся до Steam, щоб оновити гру й перезапустити її.","100058","Settings","更新重启入口不可用提示"
"Settings_UpdateAndRestartPreparing","Saving and handing control to Steam…","正在保存并将启动交给 Steam…","正在儲存並將啟動交給 Steam…","保存してSteamに制御を渡しています…","Guardando y transfiriendo el control a Steam…","Guardando y transfiriendo el control a Steam…","Salvando e transferindo o controle para a Steam…","A guardar e a transferir o controlo para a Steam…","Enregistrement et transfert du contrôle à Steam…","Speichern und Übergabe an Steam…","Gemmer og overdrager kontrollen til Steam…","Menyimpan dan menyerahkan kendali ke Steam…","Lagrer og overfører kontrollen til Steam…","Sparar och överlämnar kontrollen till Steam…","Opslaan en de besturing overdragen aan Steam…","Đang lưu và chuyển quyền điều khiển cho Steam…","Menyimpan dan menyerahkan kawalan kepada Steam…","저장하고 Steam에 실행을 넘기는 중…","Сохраняем данные и передаём запуск Steam…","Зберігаємо дані й передаємо запуск Steam…","100059","Settings","更新重启执行中提示"
"Settings_UpdateAndRestartFailed","Update and restart failed: {0}","更新并重启失败：{0}","更新並重新啟動失敗：{0}","更新と再起動に失敗しました：{0}","Error al actualizar y reiniciar: {0}","Error al actualizar y reiniciar: {0}","Falha ao atualizar e reiniciar: {0}","Falha ao atualizar e reiniciar: {0}","Échec de la mise à jour et du redémarrage : {0}","Aktualisieren und Neustart fehlgeschlagen: {0}","Opdatering og genstart mislykkedes: {0}","Gagal memperbarui dan memulai ulang: {0}","Oppdatering og omstart mislyktes: {0}","Uppdatering och omstart misslyckades: {0}","Bijwerken en opnieuw starten mislukt: {0}","Cập nhật và khởi động lại thất bại: {0}","Kemas kini dan mula semula gagal: {0}","업데이트 후 다시 시작하지 못했습니다: {0}","Не удалось обновить и перезапустить игру: {0}","Не вдалося оновити й перезапустити гру: {0}","100060","Settings","更新重启失败提示"
"RecoveredItems_Title","Your dog found some items it hadn't had a chance to tell you about yet","小狗帮你找回了一些还没来得及告诉你的物品","狗狗幫你找回了還沒來得及告訴你的物品","ワンちゃんが、まだお伝えできていなかったアイテムを見つけてくれました","Tu perro encontró objetos que aún no te había mostrado","Tu perro encontró objetos que aún no te había mostrado","Seu cão encontrou itens que ainda não tinha conseguido mostrar","O teu cão encontrou itens que ainda não tinha conseguido mostrar","Votre chien a retrouvé des objets qu'il n'avait pas encore pu vous montrer","Dein Hund hat Gegenstände gefunden, die er dir noch nicht zeigen konnte","Din hund fandt ting, som den endnu ikke havde nået at vise dig","Anjingmu menemukan item yang belum sempat ia tunjukkan kepadamu","Hunden din fant ting den ikke rakk å vise deg","Din hund hittade föremål som den inte hann visa dig","Je hond vond items die hij je nog niet had kunnen laten zien","Cún đã tìm lại những vật phẩm chưa kịp báo cho bạn","Anjing anda menemukan item yang belum sempat ditunjukkannya","강아지가 아직 알려 주지 못한 아이템을 찾아왔어요","Пёсик нашёл предметы, о которых ещё не успел вам рассказать","Песик знайшов предмети, про які ще не встиг вам розповісти","300108","Wardrobe","找回物品弹层标题"
"RecoveredItems_Lead","Your dog found some items it did not get a chance to tell you about!","@empty","狗狗幫你找回了一些還沒來得及告訴你的物品！","ワンちゃんが、まだお知らせできていなかったアイテムを見つけてくれました！","¡Tu perro encontró objetos que aún no había podido mostrarte!","¡Tu perro encontró objetos que aún no había podido mostrarte!","Seu cão encontrou itens que ainda não tinha conseguido mostrar!","O teu cão encontrou itens que ainda não tinha conseguido mostrar!","Votre chien a retrouvé des objets qu'il n'avait pas encore pu vous montrer !","Dein Hund hat Gegenstände gefunden, die er dir noch nicht zeigen konnte!","Din hund fandt genstande, som den ikke nåede at vise dig!","Anjingmu menemukan item yang belum sempat ditunjukkan!","Hunden din fant gjenstander den ikke rakk å vise deg!","Din hund hittade föremål som den inte hann visa dig!","Je hond vond items die hij je nog niet had kunnen laten zien!","Chú chó đã tìm lại những vật phẩm chưa kịp báo cho bạn!","Anjing anda menemui item yang belum sempat ditunjukkan!","강아지가 아직 알려 주지 못했던 아이템을 찾아왔어요!","Пёсик нашёл предметы, о которых ещё не успел вам рассказать!","Песик знайшов предмети, про які ще не встиг вам розповісти!","300109","Wardrobe","找回物品弹层主文案"
"RecoveredItems_Detail","Network changes, asynchronous transactions, or signing in on another device may have prevented these items from being shown earlier.","这些物品可能因为网络波动、异步交易或在其他设备上登录，之前没来得及展示给你。","這些物品可能因為網路波動、非同步交易或在其他裝置上登入，之前沒來得及展示給你。","ネットワークの変動、非同期取引、別の端末でのログインなどにより、以前は表示できなかった可能性があります。","Es posible que no se mostraran antes por cambios de red, transacciones asíncronas o por iniciar sesión en otro dispositivo.","Es posible que no se mostraran antes por cambios de red, transacciones asíncronas o por iniciar sesión en otro dispositivo.","Oscilações de rede, transações assíncronas ou o login em outro dispositivo podem ter impedido a exibição desses itens.","Alterações de rede, transações assíncronas ou o início de sessão noutro dispositivo podem ter impedido a apresentação destes itens.","Des variations réseau, des transactions asynchrones ou une connexion sur un autre appareil ont peut-être empêché leur affichage.","Netzwerkschwankungen, asynchrone Transaktionen oder eine Anmeldung auf einem anderen Gerät könnten die frühere Anzeige verhindert haben.","Netværksændringer, asynkrone transaktioner eller login på en anden enhed kan have forhindret visningen tidligere.","Perubahan jaringan, transaksi asinkron, atau login di perangkat lain mungkin membuat item ini belum sempat ditampilkan.","Nettverksendringer, asynkrone transaksjoner eller innlogging på en annen enhet kan ha hindret tidligere visning.","Nätverksändringar, asynkrona transaktioner eller inloggning på en annan enhet kan ha hindrat tidigare visning.","Netwerkwijzigingen, asynchrone transacties of inloggen op een ander apparaat kunnen eerdere weergave hebben verhinderd.","Biến động mạng, giao dịch bất đồng bộ hoặc đăng nhập trên thiết bị khác có thể khiến các vật phẩm chưa được hiển thị trước đó.","Perubahan rangkaian, transaksi tak segerak atau log masuk pada peranti lain mungkin menghalang item ini daripada dipaparkan sebelum ini.","네트워크 변동, 비동기 거래 또는 다른 기기에서의 로그인 때문에 이전에 표시되지 못했을 수 있어요.","Сбои сети, асинхронные операции или вход на другом устройстве могли помешать показать их раньше.","Збої мережі, асинхронні операції або вхід на іншому пристрої могли завадити показати їх раніше.","300110","Wardrobe","找回物品弹层原因说明"
"RecoveredItems_Praise","Thank you, pup. You are the best!","谢谢小狗，小狗真棒！","謝謝狗狗，狗狗真棒！","ありがとう、ワンちゃん。えらい！","¡Gracias, perrito! ¡Eres genial!","¡Gracias, perrito! ¡Eres genial!","Obrigado, cãozinho. Você é demais!","Obrigado, cãozinho. És o melhor!","Merci, petit chien. Tu es formidable !","Danke, Hündchen. Du bist großartig!","Tak, lille hund. Du er fantastisk!","Terima kasih, anjing kecil. Kamu hebat!","Takk, lille venn. Du er best!","Tack, lilla hund. Du är bäst!","Bedankt, hondje. Je bent geweldig!","Cảm ơn cún nhé. Cún giỏi lắm!","Terima kasih, anak anjing. Kamu hebat!","고마워, 강아지야. 정말 최고야!","Спасибо, пёсик. Ты молодец!","Дякую, песику. Ти молодець!","300111","Wardrobe","找回物品弹层感谢文案"
"RecoveredItems_Confirm","Good dog!","小狗真棒！","狗狗真棒！","いい子だね！","¡Buen perrito!","¡Buen perrito!","Bom garoto!","Muito bem!","Bravo, toutou !","Braver Hund!","Dygtig hund!","Anjing baik!","Flink hund!","Duktig hund!","Braaf hondje!","Cún ngoan lắm!","Anjing baik!","착한 강아지!","Хороший пёсик!","Хороший песик!","300112","Wardrobe","找回物品弹层按钮文案"
"CollectionEvent_VictoryInProgressTitle","Lucky Dog Rise Demo Celebration","小狗来啦 Demo庆典","小狗來啦 Demo慶典","Lucky Dog Rise Demo Celebration","Lucky Dog Rise Demo Celebration","Lucky Dog Rise Demo Celebration","Lucky Dog Rise Demo Celebration","Lucky Dog Rise Demo Celebration","Festival démo LDR","Lucky Dog Rise Demo Celebration","Lucky Dog Rise Demo Celebration","Lucky Dog Rise Demo Celebration","Lucky Dog Rise Demo Celebration","Lucky Dog Rise Demo Celebration","Lucky Dog Rise Demo Celebration","Lucky Dog Rise Demo Celebration","Lucky Dog Rise Demo Celebration","Lucky Dog Rise Demo Celebration","Lucky Dog Rise Demo Celebration","Lucky Dog Rise Demo Celebration","700001","CollectionEvent","庆典铭牌收集中标题"
"CollectionEvent_VictoryInProgressDetail","Complete the collection to claim ×{0} Victory Champagne","集齐庆典装扮，领取胜利香槟 ×{0}","集齊慶典裝扮，領取勝利香檳 ×{0}","Complete the collection to claim ×{0} Victory Champagne","Complete the collection to claim ×{0} Victory Champagne","Complete the collection to claim ×{0} Victory Champagne","Complete the collection to claim ×{0} Victory Champagne","Complete the collection to claim ×{0} Victory Champagne","Complétez la collection et recevez ×{0} champagnes","Complete the collection to claim ×{0} Victory Champagne","Complete the collection to claim ×{0} Victory Champagne","Complete the collection to claim ×{0} Victory Champagne","Complete the collection to claim ×{0} Victory Champagne","Complete the collection to claim ×{0} Victory Champagne","Complete the collection to claim ×{0} Victory Champagne","Complete the collection to claim ×{0} Victory Champagne","Complete the collection to claim ×{0} Victory Champagne","Complete the collection to claim ×{0} Victory Champagne","Complete the collection to claim ×{0} Victory Champagne","Complete the collection to claim ×{0} Victory Champagne","700002","CollectionEvent","庆典铭牌收集中说明"
"CollectionEvent_VictoryRevealingTitle","Demo celebration almost complete","Demo 庆典即将完成","Demo 慶典即將完成","Demo celebration almost complete","Demo celebration almost complete","Demo celebration almost complete","Demo celebration almost complete","Demo celebration almost complete","Festival démo bientôt terminé","Demo celebration almost complete","Demo celebration almost complete","Demo celebration almost complete","Demo celebration almost complete","Demo celebration almost complete","Demo celebration almost complete","Demo celebration almost complete","Demo celebration almost complete","Demo celebration almost complete","Demo celebration almost complete","Demo celebration almost complete","700003","CollectionEvent","庆典铭牌揭晓中标题"
"CollectionEvent_VictoryRevealingDetail","Revealing the final reward…","正在揭晓最后的奖励…","正在揭曉最後的獎勵…","Revealing the final reward…","Revealing the final reward…","Revealing the final reward…","Revealing the final reward…","Revealing the final reward…","Révélation de la dernière récompense…","Revealing the final reward…","Revealing the final reward…","Revealing the final reward…","Revealing the final reward…","Revealing the final reward…","Revealing the final reward…","Revealing the final reward…","Revealing the final reward…","Revealing the final reward…","Revealing the final reward…","Revealing the final reward…","700004","CollectionEvent","庆典铭牌揭晓中说明"
"CollectionEvent_VictoryReadyTitle","Demo celebration complete!","恭喜您已完成 Demo 庆典！","恭喜您已完成 Demo 慶典！","Demo celebration complete!","Demo celebration complete!","Demo celebration complete!","Demo celebration complete!","Demo celebration complete!","Festival démo terminé !","Demo celebration complete!","Demo celebration complete!","Demo celebration complete!","Demo celebration complete!","Demo celebration complete!","Demo celebration complete!","Demo celebration complete!","Demo celebration complete!","Demo celebration complete!","Demo celebration complete!","Demo celebration complete!","700005","CollectionEvent","庆典铭牌可领取标题"
"CollectionEvent_VictoryReadyDetail","Click here to claim ×{0} Victory Champagne","点击此处，领取胜利香槟 ×{0}","點擊此處，領取勝利香檳 ×{0}","Click here to claim ×{0} Victory Champagne","Click here to claim ×{0} Victory Champagne","Click here to claim ×{0} Victory Champagne","Click here to claim ×{0} Victory Champagne","Click here to claim ×{0} Victory Champagne","Cliquez ici pour recevoir ×{0} champagnes","Click here to claim ×{0} Victory Champagne","Click here to claim ×{0} Victory Champagne","Click here to claim ×{0} Victory Champagne","Click here to claim ×{0} Victory Champagne","Click here to claim ×{0} Victory Champagne","Click here to claim ×{0} Victory Champagne","Click here to claim ×{0} Victory Champagne","Click here to claim ×{0} Victory Champagne","Click here to claim ×{0} Victory Champagne","Click here to claim ×{0} Victory Champagne","Click here to claim ×{0} Victory Champagne","700006","CollectionEvent","庆典铭牌可领取说明"
"CollectionEvent_VictoryClaimedTitle","Demo celebration complete","Demo 庆典已完成","Demo 慶典已完成","Demo celebration complete","Demo celebration complete","Demo celebration complete","Demo celebration complete","Demo celebration complete","Festival démo terminé","Demo celebration complete","Demo celebration complete","Demo celebration complete","Demo celebration complete","Demo celebration complete","Demo celebration complete","Demo celebration complete","Demo celebration complete","Demo celebration complete","Demo celebration complete","Demo celebration complete","700007","CollectionEvent","庆典铭牌已领取标题"
"CollectionEvent_VictoryClaimedDetail","Reward claimed: ×{0} Victory Champagne","已领取胜利香槟 ×{0}","已領取勝利香檳 ×{0}","Reward claimed: ×{0} Victory Champagne","Reward claimed: ×{0} Victory Champagne","Reward claimed: ×{0} Victory Champagne","Reward claimed: ×{0} Victory Champagne","Reward claimed: ×{0} Victory Champagne","Récompense reçue : ×{0} champagnes","Reward claimed: ×{0} Victory Champagne","Reward claimed: ×{0} Victory Champagne","Reward claimed: ×{0} Victory Champagne","Reward claimed: ×{0} Victory Champagne","Reward claimed: ×{0} Victory Champagne","Reward claimed: ×{0} Victory Champagne","Reward claimed: ×{0} Victory Champagne","Reward claimed: ×{0} Victory Champagne","Reward claimed: ×{0} Victory Champagne","Reward claimed: ×{0} Victory Champagne","Reward claimed: ×{0} Victory Champagne","700008","CollectionEvent","庆典铭牌已领取说明"
"CollectionEvent_ActivityInfoTitle","About the Demo","Demo说明","Demo 說明","デモについて","Acerca de la demo","Acerca de la demo","Sobre a demo","Acerca da demo","À propos de la démo","Über die Demo","Om demoen","Tentang Demo","Om demoen","Om demon","Over de demo","Giới thiệu về bản demo","Tentang Demo","데모 안내","О демоверсии","Про демоверсію","700009","CollectionEvent","Demo 说明标题；20 种语言已本地化"
"CollectionEvent_ActivityInfoBody","There are so many wonderful games to discover during Next Fest, and we’d love to give you a little time to get to know Lucky Dog Rise, too. We’ve sped up the pace of earning blind boxes in this demo, so you can meet new pups, try different outfits, and get a feel for everyday life with a little dog by your side.\n\nWe’ve also put together a small Demo Celebration for your first visit. We hope collecting its outfits brings a few surprises to your time together—and gives you a little keepsake of how it all began.\n\nThe blind boxes in this demo are special collection boxes made for the celebration. In the full game, we hope your pup will be with you for many days to come, with little surprises to discover along the way. Box contents, how often you earn them, and the available rewards may change as we prepare for the full release.\n\nThe outfits you collect in the demo stay with your save on your computer. They won’t be added to your Steam Inventory at this stage, so they can’t be listed on the Steam Community Market or traded with friends.\n\nCollection progress is separate between the demo and the full game, but you’ll still be able to bring those keepsakes along: demo players can claim the same outfits they collected here through an event in the full game. We’ll share more about how to claim them later.\n\nThank you for making a little time for this little dog among so many games. We hope your time together has brought a little happiness to your day.","新品节里有好多优秀的游戏等着大家体验，我们也希望能用短一点的时间，让你认识小狗来啦。所以，这次 Demo 加快了盲盒的获取节奏，让你更快遇见新小狗，试试不同的装扮，感受有它陪伴的日常。\n\n我们还为这次试玩准备了一场小小的 Demo 庆典。希望收集装扮的过程，能给你和小狗初次相处的时光添一点惊喜，也留下一份见面纪念。\n\nDemo 中的盲盒是为这次庆典特别准备的活动收集盲盒。正式版里，我们希望小狗能陪你度过更长的日常，让收集的惊喜慢慢发生。盲盒内容、获取节奏和奖励范围，也可能在正式上线时做一些调整。\n\n这次 Demo 收集到的装扮，会随存档一起留在你的电脑里，还不会进入 Steam 库存，因此暂时无法在 Steam 社区市场上架或与好友交易。\n\nDemo 与正式版的收集进度相互独立，不过，这份见面纪念也可以带到以后的日子里：参与过 Demo 的玩家，可以在正式版中通过活动领取自己在 Demo 中获得的同款装扮，具体领取方式会在后续公布。\n\n谢谢你在这么多游戏里，留了一点时间给这只小狗。希望它也给你带来了一点好心情。","新品節裡有好多優秀的遊戲等著大家體驗，我們也希望能用短一點的時間，讓你認識小狗來啦。所以，這次 Demo 加快了盲盒的取得節奏，讓你更快遇見新小狗、試試不同的裝扮，感受有牠陪伴的日常。\n\n我們也為這次試玩準備了一場小小的 Demo 慶典。希望收集裝扮的過程，能為你和小狗初次相處的時光添一點驚喜，也留下一份見面紀念。\n\nDemo 中的盲盒是為這次慶典特別準備的活動收集盲盒。正式版裡，我們希望小狗能陪你度過更長的日常，讓收集的驚喜慢慢發生。盲盒內容、取得節奏和獎勵範圍，也可能在正式上線時做一些調整。\n\n這次 Demo 收集到的裝扮，會隨存檔一起留在你的電腦裡，目前不會進入 Steam 庫存，因此暫時無法在 Steam 社群市集上架或與好友交易。\n\nDemo 與正式版的收集進度彼此獨立，不過，這份見面紀念也可以帶到以後的日子裡：參與過 Demo 的玩家，可以在正式版中透過活動領取自己在 Demo 中獲得的同款裝扮，具體領取方式會在日後公布。\n\n謝謝你在這麼多遊戲裡，留了一點時間給這隻小狗。希望牠也為你帶來了一點好心情。","Nextフェスには、たくさんの素敵なゲームが待っています。そんな中で、Lucky Dog Riseのことも少し知っていただけたら嬉しいです。このデモではブラインドボックスを手に入れるペースを速め、新しいワンちゃんに出会ったり、いろいろな衣装を試したり、小さな相棒のいる日常を気軽に体験できるようにしました。\n\n初めて遊んでくださる皆さんのために、ささやかなデモ記念祭も用意しました。衣装を集めるひとときが、ワンちゃんとの出会いにちょっとした驚きと、初めて会った日の記念を添えてくれますように。\n\nこのデモのブラインドボックスは、記念祭のために特別に用意したイベント収集ボックスです。製品版では、ワンちゃんともっと長い日々を過ごしながら、収集の喜びをゆっくり楽しめるようにしたいと考えています。正式リリースに向けて、ボックスの内容、入手ペース、報酬の範囲は変更される場合があります。\n\nデモで集めた衣装は、パソコン上のセーブデータに保存されます。現時点ではSteamインベントリには追加されないため、Steamコミュニティマーケットへの出品やフレンドとのトレードはできません。\n\nデモと製品版の収集進行度は別々ですが、この出会いの記念はこれから先にも持っていけます。デモに参加したプレイヤーは、製品版のイベントを通じて、デモで手に入れたものと同じ衣装を受け取れます。受け取り方法の詳細は後日お知らせします。\n\nたくさんのゲームの中から、この小さなワンちゃんのために少し時間をくださり、ありがとうございます。一緒に過ごした時間が、あなたの一日にささやかな幸せを届けられますように。","Durante Next Fest hay muchísimos juegos estupendos por descubrir, y también nos gustaría que dedicaras un ratito a conocer Lucky Dog Rise. En esta demo hemos acelerado el ritmo al que consigues cajas sorpresa para que puedas conocer antes a nuevos perritos, probar distintos atuendos y descubrir cómo es el día a día con un pequeño compañero a tu lado.\n\nTambién hemos preparado una pequeña Celebración de la Demo para esta primera visita. Esperamos que coleccionar sus atuendos añada alguna sorpresa a vuestro tiempo juntos y te deje un pequeño recuerdo de cómo empezó todo.\n\nLas cajas sorpresa de esta demo son cajas de colección especiales creadas para la celebración. En el juego completo queremos que tu perrito te acompañe durante muchos días y que las sorpresas de la colección lleguen poco a poco. El contenido de las cajas, la frecuencia con la que se consiguen y las recompensas disponibles pueden cambiar de cara al lanzamiento completo.\n\nLos atuendos que consigas en la demo se guardarán con la partida en tu ordenador. Por ahora no se añadirán a tu inventario de Steam, así que no podrás publicarlos en el Mercado de la Comunidad de Steam ni intercambiarlos con tus amigos.\n\nEl progreso de colección de la demo y del juego completo es independiente, pero podrás llevarte contigo estos recuerdos: quienes hayan jugado a la demo podrán reclamar en un evento del juego completo los mismos atuendos que hayan conseguido aquí. Más adelante compartiremos los detalles para reclamarlos.\n\nGracias por dedicarle un ratito a este pequeño perrito entre tantos juegos. Esperamos que vuestro tiempo juntos haya alegrado un poquito tu día.","Durante Next Fest hay muchísimos juegos increíbles por descubrir, y también nos encantaría que te tomaras un momento para conocer Lucky Dog Rise. En esta demo aceleramos el ritmo para conseguir cajas sorpresa, así podrás conocer antes a nuevos perritos, probar distintos atuendos y sentir cómo es el día a día con un pequeño compañero a tu lado.\n\nTambién preparamos una pequeña Celebración de la Demo para esta primera visita. Esperamos que coleccionar sus atuendos le dé alguna sorpresa a su tiempo juntos y te deje un pequeño recuerdo de cómo comenzó todo.\n\nLas cajas sorpresa de esta demo son cajas de colección especiales creadas para la celebración. En el juego completo queremos que tu perrito te acompañe durante muchos días y que las sorpresas de la colección aparezcan poco a poco. El contenido de las cajas, la frecuencia con la que se consiguen y las recompensas disponibles pueden cambiar de cara al lanzamiento completo.\n\nLos atuendos que consigas en la demo se guardarán con la partida en tu computadora. Por ahora no se añadirán a tu inventario de Steam, así que no podrás publicarlos en el Mercado de la Comunidad de Steam ni intercambiarlos con tus amigos.\n\nEl progreso de colección de la demo y del juego completo es independiente, pero podrás llevarte contigo estos recuerdos: quienes hayan jugado la demo podrán reclamar en un evento del juego completo los mismos atuendos que hayan conseguido aquí. Más adelante compartiremos los detalles para reclamarlos.\n\nGracias por dedicarle un momento a este pequeño perrito entre tantos juegos. Esperamos que su tiempo juntos haya alegrado un poquito tu día.","Há muitos jogos incríveis para descobrir durante o Next Fest, e também adoraríamos que você reservasse um tempinho para conhecer Lucky Dog Rise. Nesta demo, aceleramos o ritmo de obtenção das caixas-surpresa para você conhecer novos cachorrinhos, experimentar trajes diferentes e sentir como é o dia a dia com um pequeno companheiro ao seu lado.\n\nTambém preparamos uma pequena Celebração da Demo para essa primeira visita. Esperamos que colecionar os trajes traga algumas surpresas aos momentos de vocês e deixe uma pequena lembrança de como tudo começou.\n\nAs caixas-surpresa desta demo são caixas de coleção especiais feitas para a celebração. No jogo completo, queremos que seu cachorrinho acompanhe você por muitos dias e que as surpresas da coleção apareçam aos poucos. O conteúdo das caixas, a frequência de obtenção e as recompensas disponíveis podem mudar até o lançamento completo.\n\nOs trajes coletados na demo ficam salvos com o seu progresso no computador. Por enquanto, eles não serão adicionados ao Inventário Steam e, portanto, não poderão ser anunciados no Mercado da Comunidade Steam nem trocados com amigos.\n\nO progresso da coleção é separado entre a demo e o jogo completo, mas você ainda poderá levar essas lembranças adiante: quem participar da demo poderá resgatar, em um evento no jogo completo, os mesmos trajes coletados aqui. Divulgaremos mais detalhes sobre o resgate futuramente.\n\nAgradecemos por reservar um tempinho para este cachorrinho entre tantos jogos. Esperamos que os momentos de vocês tenham trazido um pouco de alegria ao seu dia.","Há tantos jogos fantásticos para descobrir durante o Next Fest, e também gostaríamos que reservasses um pouco de tempo para conhecer Lucky Dog Rise. Nesta demo, acelerámos o ritmo de obtenção das caixas-surpresa para poderes conhecer novos cachorrinhos, experimentar visuais diferentes e sentir como é o dia a dia com um pequeno companheiro ao teu lado.\n\nTambém preparámos uma pequena Celebração da Demo para esta primeira visita. Esperamos que colecionar os visuais traga algumas surpresas aos vossos momentos juntos e deixe uma pequena recordação de como tudo começou.\n\nAs caixas-surpresa desta demo são caixas de coleção especiais criadas para a celebração. No jogo completo, queremos que o teu cachorrinho te acompanhe por muitos dias e que as surpresas da coleção apareçam aos poucos. O conteúdo das caixas, a frequência de obtenção e as recompensas disponíveis podem mudar até ao lançamento completo.\n\nOs visuais que colecionares na demo ficam guardados com o teu progresso no computador. Por enquanto, não serão adicionados ao Inventário Steam, por isso não poderão ser anunciados no Mercado da Comunidade Steam nem trocados com amigos.\n\nO progresso da coleção é separado entre a demo e o jogo completo, mas poderás levar estas recordações contigo: quem participar na demo poderá obter, através de um evento no jogo completo, os mesmos visuais que colecionou aqui. Partilharemos mais detalhes sobre como os obter futuramente.\n\nObrigado por reservares um pouco de tempo para este cachorrinho entre tantos jogos. Esperamos que os vossos momentos juntos tenham trazido um pouco de alegria ao teu dia.","Le Festival des jeux Steam regorge de jeux formidables à découvrir, et nous aimerions aussi vous laisser un peu de temps pour faire connaissance avec Lucky Dog Rise. Dans cette démo, nous avons accéléré le rythme d’obtention des boîtes surprises afin que vous puissiez rencontrer plus vite de nouveaux toutous, essayer différentes tenues et découvrir le quotidien avec un petit chien à vos côtés.\n\nNous avons également préparé une petite Fête de la démo pour votre première visite. Nous espérons que la collection de ses tenues ajoutera quelques surprises à vos moments partagés et vous laissera un petit souvenir de votre rencontre.\n\nLes boîtes surprises de cette démo sont des boîtes de collection spéciales créées pour la fête. Dans le jeu complet, nous espérons que votre toutou vous accompagnera longtemps et que les surprises de la collection se dévoileront peu à peu. Le contenu des boîtes, leur fréquence d’obtention et les récompenses disponibles pourront changer d’ici la sortie complète.\n\nLes tenues obtenues dans la démo resteront dans votre sauvegarde sur votre ordinateur. À ce stade, elles ne seront pas ajoutées à votre inventaire Steam et ne pourront donc pas être mises en vente sur le Marché de la communauté Steam ni échangées avec vos amis.\n\nLa progression de la collection est distincte entre la démo et le jeu complet, mais vous pourrez tout de même emporter ces souvenirs avec vous : les joueurs de la démo pourront récupérer dans le jeu complet, par le biais d’un événement, les mêmes tenues que celles obtenues ici. Nous communiquerons plus tard les modalités de récupération.\n\nMerci d’avoir accordé un peu de temps à ce petit chien parmi tant de jeux. Nous espérons que vos moments ensemble auront apporté un peu de bonheur à votre journée.","Während des Next Fests gibt es so viele großartige Spiele zu entdecken – und wir würden uns freuen, wenn du dir auch ein wenig Zeit nimmst, Lucky Dog Rise kennenzulernen. In dieser Demo erhältst du Blindboxen schneller, damit du schon bald neue Hunde treffen, verschiedene Outfits ausprobieren und einen Eindruck vom Alltag mit einem kleinen Begleiter an deiner Seite gewinnen kannst.\n\nFür deinen ersten Besuch haben wir außerdem eine kleine Demo-Feier vorbereitet. Wir hoffen, dass das Sammeln der Outfits eure gemeinsame Zeit mit ein paar Überraschungen bereichert und dir eine kleine Erinnerung an eure erste Begegnung schenkt.\n\nDie Blindboxen in dieser Demo sind besondere Sammelboxen für die Feier. Im vollständigen Spiel soll dich dein Hund viele Tage begleiten, während sich die kleinen Überraschungen beim Sammeln nach und nach entfalten. Boxinhalte, Häufigkeit und verfügbare Belohnungen können sich bis zur Veröffentlichung der Vollversion noch ändern.\n\nDie in der Demo gesammelten Outfits bleiben zusammen mit deinem Spielstand auf deinem Computer gespeichert. Sie werden vorerst nicht deinem Steam-Inventar hinzugefügt und können daher weder auf dem Steam-Communitymarkt angeboten noch mit Freunden gehandelt werden.\n\nDer Sammelfortschritt der Demo ist von dem der Vollversion getrennt. Deine Erinnerungsstücke kannst du trotzdem mitnehmen: Wer die Demo gespielt hat, kann dieselben hier gesammelten Outfits später über ein Event in der Vollversion erhalten. Weitere Informationen zur Abholung folgen.\n\nDanke, dass du dir unter all den Spielen ein wenig Zeit für diesen kleinen Hund genommen hast. Wir hoffen, eure gemeinsame Zeit hat dir ein wenig Freude in den Tag gebracht.","Der er så mange fantastiske spil at opdage under Next Fest, og vi håber også, at du vil bruge lidt tid på at lære Lucky Dog Rise at kende. I denne demo har vi sat tempoet for blind boxes op, så du hurtigere kan møde nye hunde, prøve forskellige outfits og få en fornemmelse af hverdagen med en lille hund ved din side.\n\nVi har også forberedt en lille demo-fest til dit første besøg. Vi håber, at det at samle outfits giver jeres tid sammen et par overraskelser og efterlader dig med et lille minde om, hvordan det hele begyndte.\n\nBlind boxes i denne demo er særlige samlebokse, som er lavet til festen. I det fulde spil håber vi, at din hund vil følge dig gennem mange dage, mens samlingens små overraskelser dukker op lidt efter lidt. Boksenes indhold, hvor ofte du får dem, og de tilgængelige belønninger kan ændre sig frem mod den fulde udgivelse.\n\nDe outfits, du samler i demoen, bliver gemt sammen med dit save på computeren. De føjes ikke til din Steam-beholdning endnu og kan derfor ikke sættes til salg på Steam-fællesskabsmarkedet eller byttes med venner.\n\nSamlingsfremskridtet er adskilt mellem demoen og det fulde spil, men du kan stadig tage minderne med dig: Demospillere kan gennem en event i det fulde spil få de samme outfits, som de samlede her. Vi fortæller senere mere om, hvordan du får dem.\n\nTak, fordi du blandt så mange spil gav denne lille hund lidt af din tid. Vi håber, at jeres tid sammen har gjort din dag en smule gladere.","Ada begitu banyak game hebat untuk dijelajahi selama Next Fest, dan kami juga berharap kamu mau meluangkan sedikit waktu untuk mengenal Lucky Dog Rise. Dalam demo ini, kami mempercepat perolehan blind box agar kamu bisa lebih cepat bertemu anjing-anjing baru, mencoba berbagai kostum, dan merasakan keseharian bersama seekor anjing kecil di sisimu.\n\nKami juga menyiapkan Perayaan Demo kecil untuk kunjungan pertamamu. Semoga proses mengoleksi kostum menghadirkan beberapa kejutan dalam waktu kalian bersama dan meninggalkan kenang-kenangan kecil tentang awal pertemuan kalian.\n\nBlind box dalam demo ini adalah kotak koleksi khusus yang dibuat untuk perayaan tersebut. Dalam game lengkap, kami berharap anjingmu bisa menemanimu lebih lama, sementara kejutan koleksi muncul sedikit demi sedikit. Isi kotak, kecepatan perolehan, dan cakupan hadiah dapat berubah menjelang perilisan penuh.\n\nKostum yang kamu kumpulkan dalam demo akan tetap tersimpan bersama data permainan di komputermu. Untuk saat ini, kostum tersebut tidak akan masuk ke Inventaris Steam, sehingga belum bisa dijual di Pasar Komunitas Steam atau ditukar dengan teman.\n\nProgres koleksi demo dan game lengkap terpisah, tetapi kenang-kenangan ini tetap bisa kamu bawa ke masa mendatang: pemain demo dapat memperoleh kostum yang sama dengan yang dikumpulkan di sini melalui sebuah event dalam game lengkap. Detail cara memperolehnya akan kami umumkan nanti.\n\nTerima kasih sudah meluangkan sedikit waktu untuk anjing kecil ini di antara begitu banyak game. Semoga waktu kalian bersama membawa sedikit kebahagiaan ke harimu.","Det finnes så mange flotte spill å oppdage under Next Fest, og vi håper du også vil bruke litt tid på å bli kjent med Lucky Dog Rise. I denne demoen har vi økt tempoet for å få blindbokser, slik at du raskere kan møte nye hunder, prøve forskjellige antrekk og få en smakebit på hverdagen med en liten hund ved din side.\n\nVi har også laget en liten demo-feiring til ditt første besøk. Vi håper at det å samle antrekk gir tiden deres sammen noen overraskelser og etterlater et lite minne om hvordan det hele begynte.\n\nBlindboksene i denne demoen er spesielle samlebokser laget for feiringen. I hele spillet håper vi at hunden din vil følge deg gjennom mange dager, mens de små overraskelsene i samlingen dukker opp litt etter litt. Innholdet i boksene, hvor ofte du får dem, og hvilke belønninger som er tilgjengelige, kan endres fram mot den fulle utgivelsen.\n\nAntrekkene du samler i demoen, blir lagret sammen med lagringsfilen på datamaskinen. De legges foreløpig ikke til i Steam-beholdningen din og kan derfor ikke legges ut på Steam-samfunnsmarkedet eller byttes med venner.\n\nSamlingsframgangen er separat i demoen og hele spillet, men du kan likevel ta med deg disse minnene videre: Demospillere kan hente de samme antrekkene de samlet her, gjennom et arrangement i hele spillet. Vi deler flere detaljer om hvordan de kan hentes senere.\n\nTakk for at du ga denne lille hunden litt av tiden din blant så mange spill. Vi håper tiden deres sammen har gjort dagen din litt lysere.","Det finns så många fantastiska spel att upptäcka under Next Fest, och vi hoppas att du också vill lägga lite tid på att lära känna Lucky Dog Rise. I den här demon har vi ökat takten för att få blindlådor, så att du snabbare kan träffa nya hundar, prova olika utstyrslar och få en känsla för vardagen med en liten hund vid din sida.\n\nVi har också ordnat ett litet demofirande för ditt första besök. Vi hoppas att samlandet av utstyrslar ger er tid tillsammans några överraskningar och lämnar dig med ett litet minne av hur allt började.\n\nBlindlådorna i den här demon är särskilda samlarlådor som skapats för firandet. I det fullständiga spelet hoppas vi att din hund ska följa dig genom många dagar, medan samlandets små överraskningar dyker upp lite i taget. Lådornas innehåll, hur ofta du får dem och vilka belöningar som finns kan ändras inför den fullständiga lanseringen.\n\nUtstyrslarna du samlar i demon sparas med din sparfil på datorn. De läggs inte till i ditt Steam-inventarium ännu och kan därför inte säljas på Steams gemenskapsmarknad eller bytas med vänner.\n\nSamlingsframstegen är separata i demon och det fullständiga spelet, men du kan ändå ta med dig minnena vidare: Demospelare kan hämta samma utstyrslar som de samlade här genom ett evenemang i det fullständiga spelet. Vi berättar mer om hur du hämtar dem senare.\n\nTack för att du gav den här lilla hunden lite av din tid bland så många spel. Vi hoppas att er tid tillsammans har gjort din dag lite gladare.","Tijdens Next Fest zijn er ontzettend veel geweldige games te ontdekken, en we hopen dat je ook even de tijd neemt om Lucky Dog Rise te leren kennen. In deze demo krijg je sneller blind boxes, zodat je eerder nieuwe hondjes kunt ontmoeten, verschillende outfits kunt proberen en kunt ervaren hoe het dagelijks leven met een klein hondje aan je zijde voelt.\n\nWe hebben voor je eerste bezoek ook een klein demofeest voorbereid. We hopen dat het verzamelen van de outfits jullie tijd samen een paar verrassingen bezorgt en je een klein aandenken geeft aan hoe het allemaal begon.\n\nDe blind boxes in deze demo zijn speciale verzamelboxen die voor het feest zijn gemaakt. In de volledige game hopen we dat je hondje nog vele dagen bij je blijft en dat de verrassingen van het verzamelen zich rustig ontvouwen. De inhoud van de boxen, hoe vaak je ze verdient en de beschikbare beloningen kunnen nog veranderen voor de volledige release.\n\nDe outfits die je in de demo verzamelt, blijven samen met je opslagbestand op je computer staan. Ze worden voorlopig niet aan je Steam-inventaris toegevoegd en kunnen daarom niet op de Steam Community Market worden aangeboden of met vrienden worden geruild.\n\nDe verzamelvoortgang van de demo en de volledige game staat los van elkaar, maar je kunt deze aandenkens toch meenemen: Demospelers kunnen via een evenement in de volledige game dezelfde outfits claimen die ze hier hebben verzameld. Later vertellen we meer over hoe je ze kunt claimen.\n\nBedankt dat je tussen al die games een beetje tijd hebt vrijgemaakt voor dit kleine hondje. We hopen dat jullie tijd samen je dag een beetje vrolijker heeft gemaakt.","Có rất nhiều trò chơi tuyệt vời để khám phá trong Next Fest, và chúng tôi cũng mong bạn dành một chút thời gian để làm quen với Lucky Dog Rise. Trong bản demo này, chúng tôi đã đẩy nhanh nhịp nhận hộp bất ngờ để bạn sớm gặp những chú chó mới, thử nhiều trang phục khác nhau và cảm nhận cuộc sống thường ngày khi có một người bạn nhỏ bên cạnh.\n\nChúng tôi cũng chuẩn bị một Lễ hội Demo nho nhỏ cho lần gặp đầu tiên này. Hy vọng hành trình sưu tầm trang phục sẽ mang đến vài bất ngờ trong khoảng thời gian hai bạn bên nhau, đồng thời để lại một kỷ niệm nhỏ về ngày đầu gặp gỡ.\n\nCác hộp bất ngờ trong bản demo là hộp sưu tầm sự kiện được chuẩn bị riêng cho lễ hội này. Trong bản đầy đủ, chúng tôi mong chú chó sẽ đồng hành cùng bạn lâu hơn, để niềm vui sưu tầm từ từ xuất hiện trong những ngày thường. Nội dung hộp, nhịp nhận hộp và phạm vi phần thưởng có thể được điều chỉnh khi bản đầy đủ ra mắt.\n\nCác trang phục bạn sưu tầm trong bản demo sẽ được lưu cùng dữ liệu trò chơi trên máy tính. Hiện tại, chúng chưa được đưa vào Kho đồ Steam, vì vậy chưa thể đăng bán trên Chợ Cộng đồng Steam hoặc trao đổi với bạn bè.\n\nTiến độ sưu tầm của bản demo và bản đầy đủ là riêng biệt, nhưng bạn vẫn có thể mang theo kỷ niệm này về sau: Người chơi đã tham gia demo có thể nhận lại những trang phục cùng loại đã sưu tầm tại đây thông qua một sự kiện trong bản đầy đủ. Cách nhận cụ thể sẽ được công bố sau.\n\nCảm ơn bạn đã dành một chút thời gian cho chú chó nhỏ này giữa rất nhiều trò chơi. Hy vọng khoảng thời gian bên nhau đã mang đến cho ngày của bạn một chút niềm vui.","Terdapat begitu banyak permainan hebat untuk diterokai sepanjang Next Fest, dan kami juga berharap anda sudi meluangkan sedikit masa untuk mengenali Lucky Dog Rise. Dalam demo ini, kami mempercepatkan kadar memperoleh kotak kejutan supaya anda dapat bertemu anjing baharu dengan lebih cepat, mencuba pakaian berbeza dan merasai kehidupan harian bersama seekor anjing kecil di sisi.\n\nKami juga menyediakan Perayaan Demo kecil untuk kunjungan pertama anda. Kami berharap proses mengumpul pakaian akan membawa beberapa kejutan dalam masa anda bersama dan meninggalkan kenang-kenangan kecil tentang permulaan pertemuan ini.\n\nKotak kejutan dalam demo ini ialah kotak koleksi acara khas yang disediakan untuk perayaan tersebut. Dalam permainan penuh, kami berharap anjing anda akan menemani anda lebih lama sementara kejutan koleksi hadir sedikit demi sedikit. Kandungan kotak, kadar perolehan dan lingkungan ganjaran mungkin berubah menjelang pelancaran penuh.\n\nPakaian yang anda kumpulkan dalam demo akan kekal bersama fail simpanan pada komputer anda. Buat masa ini, pakaian tersebut tidak akan dimasukkan ke dalam Inventori Steam, jadi ia belum boleh disenaraikan di Pasaran Komuniti Steam atau ditukar dengan rakan.\n\nKemajuan koleksi demo dan permainan penuh adalah berasingan, tetapi anda masih boleh membawa kenangan ini ke masa hadapan: Pemain yang menyertai demo boleh menuntut pakaian yang sama seperti yang dikumpulkan di sini melalui acara dalam permainan penuh. Cara tuntutan akan diumumkan kemudian.\n\nTerima kasih kerana meluangkan sedikit masa untuk anjing kecil ini di tengah-tengah begitu banyak permainan. Kami berharap masa anda bersama telah membawa sedikit kegembiraan pada hari anda.","Next Fest에는 즐길 만한 훌륭한 게임이 정말 많습니다. 그중에서도 잠시 시간을 내어 Lucky Dog Rise를 알아가 주시면 좋겠습니다. 이번 데모에서는 블라인드 박스를 얻는 속도를 높여 새로운 강아지를 더 빨리 만나고, 여러 의상을 입혀 보며, 작은 강아지와 함께하는 일상을 가볍게 느껴 볼 수 있도록 했습니다.\n\n첫 만남을 위해 소박한 데모 축제도 준비했습니다. 의상을 모으는 과정이 강아지와 함께하는 시간에 작은 놀라움을 더하고, 처음 만난 날을 기억할 기념품이 되기를 바랍니다.\n\n데모의 블라인드 박스는 이번 축제를 위해 특별히 준비한 이벤트 수집 상자입니다. 정식 버전에서는 강아지가 더 오랫동안 일상을 함께하며 수집의 즐거움이 천천히 찾아오기를 바랍니다. 정식 출시를 준비하는 과정에서 상자 내용, 획득 주기, 보상 범위가 조정될 수 있습니다.\n\n데모에서 모은 의상은 컴퓨터의 저장 데이터에 함께 보관됩니다. 현재는 Steam 보관함에 추가되지 않으므로 Steam 커뮤니티 장터에 등록하거나 친구와 거래할 수 없습니다.\n\n데모와 정식 버전의 수집 진행도는 서로 분리되어 있지만, 이 만남의 기념은 앞으로도 이어 갈 수 있습니다. 데모에 참여한 플레이어는 정식 버전의 이벤트를 통해 데모에서 얻은 것과 같은 의상을 받을 수 있습니다. 자세한 수령 방법은 추후 안내하겠습니다.\n\n수많은 게임 중에서 이 작은 강아지에게 잠시 시간을 내 주셔서 감사합니다. 함께한 시간이 여러분의 하루에 작은 행복을 더했기를 바랍니다.","Во время фестиваля Играм быть можно открыть для себя множество замечательных игр, и нам хотелось бы, чтобы у вас нашлось немного времени познакомиться и с Lucky Dog Rise. В этой демоверсии мы ускорили получение коробок-сюрпризов, чтобы вы могли быстрее встретить новых щенков, примерить разные наряды и почувствовать, каково это — проводить будни с маленьким другом рядом.\n\nК первой встрече мы также подготовили небольшой праздник демоверсии. Надеемся, что сбор нарядов добавит приятных сюрпризов в ваше время вместе и оставит маленький сувенир на память о том, как всё началось.\n\nКоробки-сюрпризы в этой демоверсии — особые коллекционные коробки, созданные для праздника. В полной версии мы хотим, чтобы щенок сопровождал вас долгие дни, а радость коллекционирования раскрывалась постепенно. Содержимое коробок, частота их получения и список наград могут измениться к выходу полной версии.\n\nНаряды, собранные в демоверсии, останутся в файле сохранения на вашем компьютере. Пока они не добавляются в инвентарь Steam, поэтому их нельзя выставить на Торговой площадке сообщества Steam или обменять с друзьями.\n\nПрогресс коллекции в демоверсии и полной версии хранится отдельно, но памятные вещи можно будет взять с собой: участники демоверсии смогут получить в полной версии через событие те же наряды, которые собрали здесь. Подробности о получении мы сообщим позже.\n\nСпасибо, что среди множества игр вы уделили немного времени этому маленькому щенку. Надеемся, ваши минуты вместе добавили немного радости в ваш день.","Під час фестивалю Іграм бути можна відкрити для себе безліч чудових ігор, і нам хотілося б, щоб ви знайшли трохи часу познайомитися також із Lucky Dog Rise. У цій демоверсії ми пришвидшили отримання коробок-сюрпризів, щоб ви могли швидше зустріти нових цуценят, приміряти різне вбрання та відчути будні з маленьким другом поруч.\n\nДо першої зустрічі ми також підготували невеличке свято демоверсії. Сподіваємося, що колекціонування вбрання додасть приємних сюрпризів до вашого спільного часу й залишить маленький сувенір на згадку про те, як усе почалося.\n\nКоробки-сюрпризи в цій демоверсії — це особливі колекційні коробки, створені для свята. У повній версії ми хочемо, щоб цуценя супроводжувало вас багато днів, а радість колекціонування розкривалася поступово. Вміст коробок, частота їх отримання та перелік нагород можуть змінитися до виходу повної версії.\n\nВбрання, зібране в демоверсії, залишиться у файлі збереження на вашому комп’ютері. Наразі воно не додається до інвентарю Steam, тому його не можна виставити на Торговому майданчику спільноти Steam або обміняти з друзями.\n\nПрогрес колекції в демоверсії та повній версії зберігається окремо, але пам’ятні речі можна буде взяти із собою: учасники демоверсії зможуть отримати в повній версії через подію те саме вбрання, яке зібрали тут. Подробиці про отримання ми повідомимо пізніше.\n\nДякуємо, що серед безлічі ігор ви приділили трохи часу цьому маленькому цуценяті. Сподіваємося, ваші хвилини разом додали трохи радості у ваш день.","700010","CollectionEvent","Demo 说明正文；20 种语言已本地化，保留 6 段结构"
"CollectionEvent_WishlistShyRequest","Um... could you please add...\nLucky Dog Rise to your wishlist?","那个……可以请你把小狗来啦\n……加入愿望单吗？","那個……可以請你把小狗來啦\n……加入願望清單嗎？","あの…Lucky Dog Riseを\nウィッシュリストに\n…入れてもらえますか？","Eh… ¿podrías añadir…\nLucky Dog Rise a tu lista\n…de deseados, por favor?","Eh… ¿podrías añadir…\nLucky Dog Rise a tu lista\n…de deseados, por favor?","Hum… você poderia colocar\nLucky Dog Rise na sua\n…lista de desejos, por favor?","Hum… será que podias pôr\nLucky Dog Rise na tua\n…lista de desejos, por favor?","Euh… accepteriez-vous\nd’ajouter Lucky Dog Rise\n…à votre liste de souhaits ?","Ähm… würdest du vielleicht\nLucky Dog Rise auf deine\n…Wunschliste setzen?","Øhm… kunne du måske sætte\nLucky Dog Rise på din\n…ønskeliste, hvis du har lyst?","Umm… boleh minta tolong\nmasukkan Lucky Dog Rise\n…ke wishlist kamu?","Eh… kunne du kanskje sette\nLucky Dog Rise på din\n…ønskeliste, hvis du har lyst?","Öhm… skulle du vilja lägga\nLucky Dog Rise på önskelistan\n…om du har lust?","Eh… zou je misschien\nLucky Dog Rise voor me\n…op je verlanglijst zetten?","Ừm… bạn có thể thêm\nLucky Dog Rise\n…vào danh sách ước không?","Erm… boleh tak awak tambah\nLucky Dog Rise ke dalam\n…senarai hajat awak?","저기… Lucky Dog Rise를\n…찜 목록에 넣어 주실래요?","Эм… можно попросить вас\nдобавить Lucky Dog Rise\n…в список желаемого?","Ем… чи могли б ви додати\nLucky Dog Rise до свого\n…списку бажаного?","700011","CollectionEvent","愿望单常驻气泡文案；各语言按固定气泡宽度人工换行"
"CollectionEvent_WishlistButton","Wishlist on Steam","前往 Steam 加入愿望单","前往 Steam 加入願望清單","Steamでウィッシュリストに追加","Añádelo a deseados en Steam","Agrégalo a deseados en Steam","Adicione à lista de desejos na Steam","Adicionar à lista de desejos na Steam","Ajouter à la liste de souhaits sur Steam","Auf Steam zur Wunschliste","Føj til ønskelisten på Steam","Tambahkan ke wishlist di Steam","Legg til på ønskelisten på Steam","Lägg till på önskelistan på Steam","Op Steam op verlanglijst zetten","Thêm vào wishlist trên Steam","Tambah ke senarai hajat di Steam","Steam에서 찜하기","Добавить в желаемое в Steam","Додати до бажаного в Steam","700012","CollectionEvent","愿望单常驻按钮；表达前往 Steam 完成愿望单添加，不表示按钮本身直接添加"
"CollectionEvent_RoadmapTitle","Where Is Lucky Dog Rise Heading Next?","小狗来啦，接下来去哪里？","Where Is Lucky Dog Rise Heading Next?","Where Is Lucky Dog Rise Heading Next?","Where Is Lucky Dog Rise Heading Next?","Where Is Lucky Dog Rise Heading Next?","Where Is Lucky Dog Rise Heading Next?","Where Is Lucky Dog Rise Heading Next?","Where Is Lucky Dog Rise Heading Next?","Where Is Lucky Dog Rise Heading Next?","Where Is Lucky Dog Rise Heading Next?","Where Is Lucky Dog Rise Heading Next?","Where Is Lucky Dog Rise Heading Next?","Where Is Lucky Dog Rise Heading Next?","Where Is Lucky Dog Rise Heading Next?","Where Is Lucky Dog Rise Heading Next?","Where Is Lucky Dog Rise Heading Next?","Where Is Lucky Dog Rise Heading Next?","Where Is Lucky Dog Rise Heading Next?","Where Is Lucky Dog Rise Heading Next?","700013","CollectionEvent","路线图标题；当前完成英文和简体中文，其余语言暂用英文"
"CollectionEvent_RoadmapBody","From our first hello to everyday companionship—and, one day, time together with friends. We have a few more ideas we’d love to bring to life along the way.\n\nPlaytest | Our First Hello\nOur little dogs made their first appearance on your desktops, as the companionship, outfits, and collecting experience began to take shape.\n\nDemo | A Little Celebration\nMeet new pups, try different outfits, and take home a little keepsake of your first days together.\n\nFull Release | Everyday Life Together\nStart with you and your pup, making companionship and collecting part of your daily routine. Multiplayer rooms won’t be included at launch. We hope to introduce them not long after the full release, so you can bring your pup along to spend time with friends.\n\nMultiplayer Rooms | A Little Company\nBring your pup and your favorite outfits into a shared room with friends. Even when everyone is busy doing their own thing, your little dogs can keep one another company.\n\nA New Card Game | Something Different to Play\nWe’d also like to introduce another way to play cards, giving you one more thing to enjoy with your pup by your side.\n\nMultiplayer Games | Let’s Play Together\nFrom sharing a little company to sharing a game, we’d love to create more happy moments for you, your pups, and your friends.\n\nAlong the Way | New Outfits and Little Surprises\nAs we work toward these milestones, we’ll also keep creating outfits and exploring new themes and events, with more little things to fall in love with when you return.\n\nThese are the directions we’re exploring, rather than a fixed update schedule. Features and their order may change as development progresses and we hear your feedback. We’ll share more when we’re ready.","从第一次见面，到日常的陪伴，再到和朋友们相聚。关于小狗的未来，我们还有一些想慢慢实现的点子。\n\nPlaytest｜初次见面\n小狗第一次来到大家的桌面，陪伴、装扮与收集的体验逐渐成形。\n\nDemo｜相识的小庆典\n认识新小狗，试试不同的装扮，留下一份初次见面的纪念。\n\n正式发售｜开始一起过日子\n先从你和小狗的日常开始，让陪伴与收集融入每天的生活。首发版本暂不包含多人房间。我们希望在正式发售不久后，让你能带着小狗和朋友们相聚。\n\n多人房间｜一起待一会儿\n带着自己的小狗和喜欢的装扮，与朋友待在同一个房间里。各自忙碌，也有彼此的小狗作伴。\n\n新的牌桌｜换一种打牌的乐趣\n我们还想准备一种新的打牌玩法，为和小狗相处的时间添一种选择。\n\n多人游戏｜一起玩点什么\n从一起陪伴，到一起参与游戏，让你、小狗和朋友们拥有更多共同的快乐时光。\n\n贯穿旅程｜新装扮与小惊喜\n在推进这些方向的同时，我们也会持续制作新装扮，并探索更多主题与活动，让每次回来都有机会遇见新的喜欢。\n\n这是我们目前设想的前进方向，还不是确定的更新日程。我们会结合开发进展和大家的反馈调整内容与顺序，并在准备好时分享更多消息。","From our first hello to everyday companionship—and, one day, time together with friends. We have a few more ideas we’d love to bring to life along the way.\n\nPlaytest | Our First Hello\nOur little dogs made their first appearance on your desktops, as the companionship, outfits, and collecting experience began to take shape.\n\nDemo | A Little Celebration\nMeet new pups, try different outfits, and take home a little keepsake of your first days together.\n\nFull Release | Everyday Life Together\nStart with you and your pup, making companionship and collecting part of your daily routine. Multiplayer rooms won’t be included at launch. We hope to introduce them not long after the full release, so you can bring your pup along to spend time with friends.\n\nMultiplayer Rooms | A Little Company\nBring your pup and your favorite outfits into a shared room with friends. Even when everyone is busy doing their own thing, your little dogs can keep one another company.\n\nA New Card Game | Something Different to Play\nWe’d also like to introduce another way to play cards, giving you one more thing to enjoy with your pup by your side.\n\nMultiplayer Games | Let’s Play Together\nFrom sharing a little company to sharing a game, we’d love to create more happy moments for you, your pups, and your friends.\n\nAlong the Way | New Outfits and Little Surprises\nAs we work toward these milestones, we’ll also keep creating outfits and exploring new themes and events, with more little things to fall in love with when you return.\n\nThese are the directions we’re exploring, rather than a fixed update schedule. Features and their order may change as development progresses and we hear your feedback. We’ll share more when we’re ready.","From our first hello to everyday companionship—and, one day, time together with friends. We have a few more ideas we’d love to bring to life along the way.\n\nPlaytest | Our First Hello\nOur little dogs made their first appearance on your desktops, as the companionship, outfits, and collecting experience began to take shape.\n\nDemo | A Little Celebration\nMeet new pups, try different outfits, and take home a little keepsake of your first days together.\n\nFull Release | Everyday Life Together\nStart with you and your pup, making companionship and collecting part of your daily routine. Multiplayer rooms won’t be included at launch. We hope to introduce them not long after the full release, so you can bring your pup along to spend time with friends.\n\nMultiplayer Rooms | A Little Company\nBring your pup and your favorite outfits into a shared room with friends. Even when everyone is busy doing their own thing, your little dogs can keep one another company.\n\nA New Card Game | Something Different to Play\nWe’d also like to introduce another way to play cards, giving you one more thing to enjoy with your pup by your side.\n\nMultiplayer Games | Let’s Play Together\nFrom sharing a little company to sharing a game, we’d love to create more happy moments for you, your pups, and your friends.\n\nAlong the Way | New Outfits and Little Surprises\nAs we work toward these milestones, we’ll also keep creating outfits and exploring new themes and events, with more little things to fall in love with when you return.\n\nThese are the directions we’re exploring, rather than a fixed update schedule. Features and their order may change as development progresses and we hear your feedback. We’ll share more when we’re ready.","From our first hello to everyday companionship—and, one day, time together with friends. We have a few more ideas we’d love to bring to life along the way.\n\nPlaytest | Our First Hello\nOur little dogs made their first appearance on your desktops, as the companionship, outfits, and collecting experience began to take shape.\n\nDemo | A Little Celebration\nMeet new pups, try different outfits, and take home a little keepsake of your first days together.\n\nFull Release | Everyday Life Together\nStart with you and your pup, making companionship and collecting part of your daily routine. Multiplayer rooms won’t be included at launch. We hope to introduce them not long after the full release, so you can bring your pup along to spend time with friends.\n\nMultiplayer Rooms | A Little Company\nBring your pup and your favorite outfits into a shared room with friends. Even when everyone is busy doing their own thing, your little dogs can keep one another company.\n\nA New Card Game | Something Different to Play\nWe’d also like to introduce another way to play cards, giving you one more thing to enjoy with your pup by your side.\n\nMultiplayer Games | Let’s Play Together\nFrom sharing a little company to sharing a game, we’d love to create more happy moments for you, your pups, and your friends.\n\nAlong the Way | New Outfits and Little Surprises\nAs we work toward these milestones, we’ll also keep creating outfits and exploring new themes and events, with more little things to fall in love with when you return.\n\nThese are the directions we’re exploring, rather than a fixed update schedule. Features and their order may change as development progresses and we hear your feedback. We’ll share more when we’re ready.","From our first hello to everyday companionship—and, one day, time together with friends. We have a few more ideas we’d love to bring to life along the way.\n\nPlaytest | Our First Hello\nOur little dogs made their first appearance on your desktops, as the companionship, outfits, and collecting experience began to take shape.\n\nDemo | A Little Celebration\nMeet new pups, try different outfits, and take home a little keepsake of your first days together.\n\nFull Release | Everyday Life Together\nStart with you and your pup, making companionship and collecting part of your daily routine. Multiplayer rooms won’t be included at launch. We hope to introduce them not long after the full release, so you can bring your pup along to spend time with friends.\n\nMultiplayer Rooms | A Little Company\nBring your pup and your favorite outfits into a shared room with friends. Even when everyone is busy doing their own thing, your little dogs can keep one another company.\n\nA New Card Game | Something Different to Play\nWe’d also like to introduce another way to play cards, giving you one more thing to enjoy with your pup by your side.\n\nMultiplayer Games | Let’s Play Together\nFrom sharing a little company to sharing a game, we’d love to create more happy moments for you, your pups, and your friends.\n\nAlong the Way | New Outfits and Little Surprises\nAs we work toward these milestones, we’ll also keep creating outfits and exploring new themes and events, with more little things to fall in love with when you return.\n\nThese are the directions we’re exploring, rather than a fixed update schedule. Features and their order may change as development progresses and we hear your feedback. We’ll share more when we’re ready.","From our first hello to everyday companionship—and, one day, time together with friends. We have a few more ideas we’d love to bring to life along the way.\n\nPlaytest | Our First Hello\nOur little dogs made their first appearance on your desktops, as the companionship, outfits, and collecting experience began to take shape.\n\nDemo | A Little Celebration\nMeet new pups, try different outfits, and take home a little keepsake of your first days together.\n\nFull Release | Everyday Life Together\nStart with you and your pup, making companionship and collecting part of your daily routine. Multiplayer rooms won’t be included at launch. We hope to introduce them not long after the full release, so you can bring your pup along to spend time with friends.\n\nMultiplayer Rooms | A Little Company\nBring your pup and your favorite outfits into a shared room with friends. Even when everyone is busy doing their own thing, your little dogs can keep one another company.\n\nA New Card Game | Something Different to Play\nWe’d also like to introduce another way to play cards, giving you one more thing to enjoy with your pup by your side.\n\nMultiplayer Games | Let’s Play Together\nFrom sharing a little company to sharing a game, we’d love to create more happy moments for you, your pups, and your friends.\n\nAlong the Way | New Outfits and Little Surprises\nAs we work toward these milestones, we’ll also keep creating outfits and exploring new themes and events, with more little things to fall in love with when you return.\n\nThese are the directions we’re exploring, rather than a fixed update schedule. Features and their order may change as development progresses and we hear your feedback. We’ll share more when we’re ready.","From our first hello to everyday companionship—and, one day, time together with friends. We have a few more ideas we’d love to bring to life along the way.\n\nPlaytest | Our First Hello\nOur little dogs made their first appearance on your desktops, as the companionship, outfits, and collecting experience began to take shape.\n\nDemo | A Little Celebration\nMeet new pups, try different outfits, and take home a little keepsake of your first days together.\n\nFull Release | Everyday Life Together\nStart with you and your pup, making companionship and collecting part of your daily routine. Multiplayer rooms won’t be included at launch. We hope to introduce them not long after the full release, so you can bring your pup along to spend time with friends.\n\nMultiplayer Rooms | A Little Company\nBring your pup and your favorite outfits into a shared room with friends. Even when everyone is busy doing their own thing, your little dogs can keep one another company.\n\nA New Card Game | Something Different to Play\nWe’d also like to introduce another way to play cards, giving you one more thing to enjoy with your pup by your side.\n\nMultiplayer Games | Let’s Play Together\nFrom sharing a little company to sharing a game, we’d love to create more happy moments for you, your pups, and your friends.\n\nAlong the Way | New Outfits and Little Surprises\nAs we work toward these milestones, we’ll also keep creating outfits and exploring new themes and events, with more little things to fall in love with when you return.\n\nThese are the directions we’re exploring, rather than a fixed update schedule. Features and their order may change as development progresses and we hear your feedback. We’ll share more when we’re ready.","From our first hello to everyday companionship—and, one day, time together with friends. We have a few more ideas we’d love to bring to life along the way.\n\nPlaytest | Our First Hello\nOur little dogs made their first appearance on your desktops, as the companionship, outfits, and collecting experience began to take shape.\n\nDemo | A Little Celebration\nMeet new pups, try different outfits, and take home a little keepsake of your first days together.\n\nFull Release | Everyday Life Together\nStart with you and your pup, making companionship and collecting part of your daily routine. Multiplayer rooms won’t be included at launch. We hope to introduce them not long after the full release, so you can bring your pup along to spend time with friends.\n\nMultiplayer Rooms | A Little Company\nBring your pup and your favorite outfits into a shared room with friends. Even when everyone is busy doing their own thing, your little dogs can keep one another company.\n\nA New Card Game | Something Different to Play\nWe’d also like to introduce another way to play cards, giving you one more thing to enjoy with your pup by your side.\n\nMultiplayer Games | Let’s Play Together\nFrom sharing a little company to sharing a game, we’d love to create more happy moments for you, your pups, and your friends.\n\nAlong the Way | New Outfits and Little Surprises\nAs we work toward these milestones, we’ll also keep creating outfits and exploring new themes and events, with more little things to fall in love with when you return.\n\nThese are the directions we’re exploring, rather than a fixed update schedule. Features and their order may change as development progresses and we hear your feedback. We’ll share more when we’re ready.","From our first hello to everyday companionship—and, one day, time together with friends. We have a few more ideas we’d love to bring to life along the way.\n\nPlaytest | Our First Hello\nOur little dogs made their first appearance on your desktops, as the companionship, outfits, and collecting experience began to take shape.\n\nDemo | A Little Celebration\nMeet new pups, try different outfits, and take home a little keepsake of your first days together.\n\nFull Release | Everyday Life Together\nStart with you and your pup, making companionship and collecting part of your daily routine. Multiplayer rooms won’t be included at launch. We hope to introduce them not long after the full release, so you can bring your pup along to spend time with friends.\n\nMultiplayer Rooms | A Little Company\nBring your pup and your favorite outfits into a shared room with friends. Even when everyone is busy doing their own thing, your little dogs can keep one another company.\n\nA New Card Game | Something Different to Play\nWe’d also like to introduce another way to play cards, giving you one more thing to enjoy with your pup by your side.\n\nMultiplayer Games | Let’s Play Together\nFrom sharing a little company to sharing a game, we’d love to create more happy moments for you, your pups, and your friends.\n\nAlong the Way | New Outfits and Little Surprises\nAs we work toward these milestones, we’ll also keep creating outfits and exploring new themes and events, with more little things to fall in love with when you return.\n\nThese are the directions we’re exploring, rather than a fixed update schedule. Features and their order may change as development progresses and we hear your feedback. We’ll share more when we’re ready.","From our first hello to everyday companionship—and, one day, time together with friends. We have a few more ideas we’d love to bring to life along the way.\n\nPlaytest | Our First Hello\nOur little dogs made their first appearance on your desktops, as the companionship, outfits, and collecting experience began to take shape.\n\nDemo | A Little Celebration\nMeet new pups, try different outfits, and take home a little keepsake of your first days together.\n\nFull Release | Everyday Life Together\nStart with you and your pup, making companionship and collecting part of your daily routine. Multiplayer rooms won’t be included at launch. We hope to introduce them not long after the full release, so you can bring your pup along to spend time with friends.\n\nMultiplayer Rooms | A Little Company\nBring your pup and your favorite outfits into a shared room with friends. Even when everyone is busy doing their own thing, your little dogs can keep one another company.\n\nA New Card Game | Something Different to Play\nWe’d also like to introduce another way to play cards, giving you one more thing to enjoy with your pup by your side.\n\nMultiplayer Games | Let’s Play Together\nFrom sharing a little company to sharing a game, we’d love to create more happy moments for you, your pups, and your friends.\n\nAlong the Way | New Outfits and Little Surprises\nAs we work toward these milestones, we’ll also keep creating outfits and exploring new themes and events, with more little things to fall in love with when you return.\n\nThese are the directions we’re exploring, rather than a fixed update schedule. Features and their order may change as development progresses and we hear your feedback. We’ll share more when we’re ready.","From our first hello to everyday companionship—and, one day, time together with friends. We have a few more ideas we’d love to bring to life along the way.\n\nPlaytest | Our First Hello\nOur little dogs made their first appearance on your desktops, as the companionship, outfits, and collecting experience began to take shape.\n\nDemo | A Little Celebration\nMeet new pups, try different outfits, and take home a little keepsake of your first days together.\n\nFull Release | Everyday Life Together\nStart with you and your pup, making companionship and collecting part of your daily routine. Multiplayer rooms won’t be included at launch. We hope to introduce them not long after the full release, so you can bring your pup along to spend time with friends.\n\nMultiplayer Rooms | A Little Company\nBring your pup and your favorite outfits into a shared room with friends. Even when everyone is busy doing their own thing, your little dogs can keep one another company.\n\nA New Card Game | Something Different to Play\nWe’d also like to introduce another way to play cards, giving you one more thing to enjoy with your pup by your side.\n\nMultiplayer Games | Let’s Play Together\nFrom sharing a little company to sharing a game, we’d love to create more happy moments for you, your pups, and your friends.\n\nAlong the Way | New Outfits and Little Surprises\nAs we work toward these milestones, we’ll also keep creating outfits and exploring new themes and events, with more little things to fall in love with when you return.\n\nThese are the directions we’re exploring, rather than a fixed update schedule. Features and their order may change as development progresses and we hear your feedback. We’ll share more when we’re ready.","From our first hello to everyday companionship—and, one day, time together with friends. We have a few more ideas we’d love to bring to life along the way.\n\nPlaytest | Our First Hello\nOur little dogs made their first appearance on your desktops, as the companionship, outfits, and collecting experience began to take shape.\n\nDemo | A Little Celebration\nMeet new pups, try different outfits, and take home a little keepsake of your first days together.\n\nFull Release | Everyday Life Together\nStart with you and your pup, making companionship and collecting part of your daily routine. Multiplayer rooms won’t be included at launch. We hope to introduce them not long after the full release, so you can bring your pup along to spend time with friends.\n\nMultiplayer Rooms | A Little Company\nBring your pup and your favorite outfits into a shared room with friends. Even when everyone is busy doing their own thing, your little dogs can keep one another company.\n\nA New Card Game | Something Different to Play\nWe’d also like to introduce another way to play cards, giving you one more thing to enjoy with your pup by your side.\n\nMultiplayer Games | Let’s Play Together\nFrom sharing a little company to sharing a game, we’d love to create more happy moments for you, your pups, and your friends.\n\nAlong the Way | New Outfits and Little Surprises\nAs we work toward these milestones, we’ll also keep creating outfits and exploring new themes and events, with more little things to fall in love with when you return.\n\nThese are the directions we’re exploring, rather than a fixed update schedule. Features and their order may change as development progresses and we hear your feedback. We’ll share more when we’re ready.","From our first hello to everyday companionship—and, one day, time together with friends. We have a few more ideas we’d love to bring to life along the way.\n\nPlaytest | Our First Hello\nOur little dogs made their first appearance on your desktops, as the companionship, outfits, and collecting experience began to take shape.\n\nDemo | A Little Celebration\nMeet new pups, try different outfits, and take home a little keepsake of your first days together.\n\nFull Release | Everyday Life Together\nStart with you and your pup, making companionship and collecting part of your daily routine. Multiplayer rooms won’t be included at launch. We hope to introduce them not long after the full release, so you can bring your pup along to spend time with friends.\n\nMultiplayer Rooms | A Little Company\nBring your pup and your favorite outfits into a shared room with friends. Even when everyone is busy doing their own thing, your little dogs can keep one another company.\n\nA New Card Game | Something Different to Play\nWe’d also like to introduce another way to play cards, giving you one more thing to enjoy with your pup by your side.\n\nMultiplayer Games | Let’s Play Together\nFrom sharing a little company to sharing a game, we’d love to create more happy moments for you, your pups, and your friends.\n\nAlong the Way | New Outfits and Little Surprises\nAs we work toward these milestones, we’ll also keep creating outfits and exploring new themes and events, with more little things to fall in love with when you return.\n\nThese are the directions we’re exploring, rather than a fixed update schedule. Features and their order may change as development progresses and we hear your feedback. We’ll share more when we’re ready.","From our first hello to everyday companionship—and, one day, time together with friends. We have a few more ideas we’d love to bring to life along the way.\n\nPlaytest | Our First Hello\nOur little dogs made their first appearance on your desktops, as the companionship, outfits, and collecting experience began to take shape.\n\nDemo | A Little Celebration\nMeet new pups, try different outfits, and take home a little keepsake of your first days together.\n\nFull Release | Everyday Life Together\nStart with you and your pup, making companionship and collecting part of your daily routine. Multiplayer rooms won’t be included at launch. We hope to introduce them not long after the full release, so you can bring your pup along to spend time with friends.\n\nMultiplayer Rooms | A Little Company\nBring your pup and your favorite outfits into a shared room with friends. Even when everyone is busy doing their own thing, your little dogs can keep one another company.\n\nA New Card Game | Something Different to Play\nWe’d also like to introduce another way to play cards, giving you one more thing to enjoy with your pup by your side.\n\nMultiplayer Games | Let’s Play Together\nFrom sharing a little company to sharing a game, we’d love to create more happy moments for you, your pups, and your friends.\n\nAlong the Way | New Outfits and Little Surprises\nAs we work toward these milestones, we’ll also keep creating outfits and exploring new themes and events, with more little things to fall in love with when you return.\n\nThese are the directions we’re exploring, rather than a fixed update schedule. Features and their order may change as development progresses and we hear your feedback. We’ll share more when we’re ready.","From our first hello to everyday companionship—and, one day, time together with friends. We have a few more ideas we’d love to bring to life along the way.\n\nPlaytest | Our First Hello\nOur little dogs made their first appearance on your desktops, as the companionship, outfits, and collecting experience began to take shape.\n\nDemo | A Little Celebration\nMeet new pups, try different outfits, and take home a little keepsake of your first days together.\n\nFull Release | Everyday Life Together\nStart with you and your pup, making companionship and collecting part of your daily routine. Multiplayer rooms won’t be included at launch. We hope to introduce them not long after the full release, so you can bring your pup along to spend time with friends.\n\nMultiplayer Rooms | A Little Company\nBring your pup and your favorite outfits into a shared room with friends. Even when everyone is busy doing their own thing, your little dogs can keep one another company.\n\nA New Card Game | Something Different to Play\nWe’d also like to introduce another way to play cards, giving you one more thing to enjoy with your pup by your side.\n\nMultiplayer Games | Let’s Play Together\nFrom sharing a little company to sharing a game, we’d love to create more happy moments for you, your pups, and your friends.\n\nAlong the Way | New Outfits and Little Surprises\nAs we work toward these milestones, we’ll also keep creating outfits and exploring new themes and events, with more little things to fall in love with when you return.\n\nThese are the directions we’re exploring, rather than a fixed update schedule. Features and their order may change as development progresses and we hear your feedback. We’ll share more when we’re ready.","From our first hello to everyday companionship—and, one day, time together with friends. We have a few more ideas we’d love to bring to life along the way.\n\nPlaytest | Our First Hello\nOur little dogs made their first appearance on your desktops, as the companionship, outfits, and collecting experience began to take shape.\n\nDemo | A Little Celebration\nMeet new pups, try different outfits, and take home a little keepsake of your first days together.\n\nFull Release | Everyday Life Together\nStart with you and your pup, making companionship and collecting part of your daily routine. Multiplayer rooms won’t be included at launch. We hope to introduce them not long after the full release, so you can bring your pup along to spend time with friends.\n\nMultiplayer Rooms | A Little Company\nBring your pup and your favorite outfits into a shared room with friends. Even when everyone is busy doing their own thing, your little dogs can keep one another company.\n\nA New Card Game | Something Different to Play\nWe’d also like to introduce another way to play cards, giving you one more thing to enjoy with your pup by your side.\n\nMultiplayer Games | Let’s Play Together\nFrom sharing a little company to sharing a game, we’d love to create more happy moments for you, your pups, and your friends.\n\nAlong the Way | New Outfits and Little Surprises\nAs we work toward these milestones, we’ll also keep creating outfits and exploring new themes and events, with more little things to fall in love with when you return.\n\nThese are the directions we’re exploring, rather than a fixed update schedule. Features and their order may change as development progresses and we hear your feedback. We’ll share more when we’re ready.","From our first hello to everyday companionship—and, one day, time together with friends. We have a few more ideas we’d love to bring to life along the way.\n\nPlaytest | Our First Hello\nOur little dogs made their first appearance on your desktops, as the companionship, outfits, and collecting experience began to take shape.\n\nDemo | A Little Celebration\nMeet new pups, try different outfits, and take home a little keepsake of your first days together.\n\nFull Release | Everyday Life Together\nStart with you and your pup, making companionship and collecting part of your daily routine. Multiplayer rooms won’t be included at launch. We hope to introduce them not long after the full release, so you can bring your pup along to spend time with friends.\n\nMultiplayer Rooms | A Little Company\nBring your pup and your favorite outfits into a shared room with friends. Even when everyone is busy doing their own thing, your little dogs can keep one another company.\n\nA New Card Game | Something Different to Play\nWe’d also like to introduce another way to play cards, giving you one more thing to enjoy with your pup by your side.\n\nMultiplayer Games | Let’s Play Together\nFrom sharing a little company to sharing a game, we’d love to create more happy moments for you, your pups, and your friends.\n\nAlong the Way | New Outfits and Little Surprises\nAs we work toward these milestones, we’ll also keep creating outfits and exploring new themes and events, with more little things to fall in love with when you return.\n\nThese are the directions we’re exploring, rather than a fixed update schedule. Features and their order may change as development progresses and we hear your feedback. We’ll share more when we’re ready.","From our first hello to everyday companionship—and, one day, time together with friends. We have a few more ideas we’d love to bring to life along the way.\n\nPlaytest | Our First Hello\nOur little dogs made their first appearance on your desktops, as the companionship, outfits, and collecting experience began to take shape.\n\nDemo | A Little Celebration\nMeet new pups, try different outfits, and take home a little keepsake of your first days together.\n\nFull Release | Everyday Life Together\nStart with you and your pup, making companionship and collecting part of your daily routine. Multiplayer rooms won’t be included at launch. We hope to introduce them not long after the full release, so you can bring your pup along to spend time with friends.\n\nMultiplayer Rooms | A Little Company\nBring your pup and your favorite outfits into a shared room with friends. Even when everyone is busy doing their own thing, your little dogs can keep one another company.\n\nA New Card Game | Something Different to Play\nWe’d also like to introduce another way to play cards, giving you one more thing to enjoy with your pup by your side.\n\nMultiplayer Games | Let’s Play Together\nFrom sharing a little company to sharing a game, we’d love to create more happy moments for you, your pups, and your friends.\n\nAlong the Way | New Outfits and Little Surprises\nAs we work toward these milestones, we’ll also keep creating outfits and exploring new themes and events, with more little things to fall in love with when you return.\n\nThese are the directions we’re exploring, rather than a fixed update schedule. Features and their order may change as development progresses and we hear your feedback. We’ll share more when we’re ready.","From our first hello to everyday companionship—and, one day, time together with friends. We have a few more ideas we’d love to bring to life along the way.\n\nPlaytest | Our First Hello\nOur little dogs made their first appearance on your desktops, as the companionship, outfits, and collecting experience began to take shape.\n\nDemo | A Little Celebration\nMeet new pups, try different outfits, and take home a little keepsake of your first days together.\n\nFull Release | Everyday Life Together\nStart with you and your pup, making companionship and collecting part of your daily routine. Multiplayer rooms won’t be included at launch. We hope to introduce them not long after the full release, so you can bring your pup along to spend time with friends.\n\nMultiplayer Rooms | A Little Company\nBring your pup and your favorite outfits into a shared room with friends. Even when everyone is busy doing their own thing, your little dogs can keep one another company.\n\nA New Card Game | Something Different to Play\nWe’d also like to introduce another way to play cards, giving you one more thing to enjoy with your pup by your side.\n\nMultiplayer Games | Let’s Play Together\nFrom sharing a little company to sharing a game, we’d love to create more happy moments for you, your pups, and your friends.\n\nAlong the Way | New Outfits and Little Surprises\nAs we work toward these milestones, we’ll also keep creating outfits and exploring new themes and events, with more little things to fall in love with when you return.\n\nThese are the directions we’re exploring, rather than a fixed update schedule. Features and their order may change as development progresses and we hear your feedback. We’ll share more when we’re ready.","700014","CollectionEvent","路线图正文；当前完成英文和简体中文，其余语言暂用英文"
